 INFO  Starting development server...
<s> [webpack.Progress] 0% compiling
<s> [webpack.Progress] 10% building 0/0 modules 0 active
<s> [webpack.Progress] 10% building 0/1 modules 1 active multi /app/deployment/frontend/node_modules/webpack-dev-server/client/index.js?http://192.168.0.2:8080&sockPath=/sockjs-node /app/deployment/frontend/node_modules/webpack/hot/dev-server.js ./src/main.js
<s> [webpack.Progress] 10% building 1/1 modules 0 active
<s> [webpack.Progress] 10% building 1/1 modules 0 active
<s> [webpack.Progress] 10% building 1/2 modules 1 active multi /app/deployment/frontend/node_modules/webpack/hot/dev-server.js /app/deployment/frontend/node_modules/webpack-dev-server/client/index.js?http://192.168.0.2:8080&sockPath=/sockjs-node ./src/main.js
<s> [webpack.Progress] 10% building 2/2 modules 0 active
<s> [webpack.Progress] 10% building 2/3 modules 1 active /app/deployment/frontend/node_modules/webpack/hot/dev-server.js
<s> [webpack.Progress] 10% building 2/4 modules 2 active /app/deployment/frontend/node_modules/webpack-dev-server/client/index.js?http://192.168.0.2:8080&sockPath=/sockjs-node
<s> [webpack.Progress] 10% building 2/5 modules 3 active /app/deployment/frontend/node_modules/cache-loader/dist/cjs.js??ref--13-0!/app/deployment/frontend/node_modules/babel-loader/lib/index.js!/app/deployment/frontend/node_modules/eslint-loader/index.js??ref--14-0!/app/deployment/frontend/src/main.js
<s> [webpack.Progress] 10% building 3/5 modules 2 active /app/deployment/frontend/node_modules/cache-loader/dist/cjs.js??ref--13-0!/app/deployment/frontend/node_modules/babel-loader/lib/index.js!/app/deployment/frontend/node_modules/eslint-loader/index.js??ref--14-0!/app/deployment/frontend/src/main.js
<s> [webpack.Progress] 10% building 4/5 modules 1 active /app/deployment/frontend/node_modules/cache-loader/dist/cjs.js??ref--13-0!/app/deployment/frontend/node_modules/babel-loader/lib/index.js!/app/deployment/frontend/node_modules/eslint-loader/index.js??ref--14-0!/app/deployment/frontend/src/main.js
<s> [webpack.Progress] 10% building 4/6 modules 2 active /app/deployment/frontend/node_modules/webpack/hot sync nonrecursive /^\.\/log$/
<s> [webpack.Progress] 10% building 4/7 modules 3 active /app/deployment/frontend/node_modules/webpack/hot/emitter.js
<s> [webpack.Progress] 10% building 4/8 modules 4 active /app/deployment/frontend/node_modules/webpack/hot/log-apply-result.js
<s> [webpack.Progress] 10% building 4/9 modules 5 active /app/deployment/frontend/node_modules/webpack/hot/log.js
<s> [webpack.Progress] 10% building 5/9 modules 4 active /app/deployment/frontend/node_modules/webpack/hot/log.js
<s> [webpack.Progress] 10% building 5/10 modules 5 active /app/deployment/frontend/node_modules/webpack-dev-server/client/socket.js
<s> [webpack.Progress] 10% building 5/11 modules 6 active /app/deployment/frontend/node_modules/webpack-dev-server/client/overlay.js
<s> [webpack.Progress] 10% building 5/12 modules 7 active /app/deployment/frontend/node_modules/webpack-dev-server/client/utils/log.js
<s> [webpack.Progress] 10% building 5/13 modules 8 active /app/deployment/frontend/node_modules/webpack-dev-server/client/utils/sendMessage.js
<s> [webpack.Progress] 10% building 5/14 modules 9 active /app/deployment/frontend/node_modules/webpack-dev-server/client/utils/reloadApp.js
<s> [webpack.Progress] 10% building 5/15 modules 10 active /app/deployment/frontend/node_modules/webpack-dev-server/client/utils/createSocketUrl.js
<s> [webpack.Progress] 10% building 6/15 modules 9 active /app/deployment/frontend/node_modules/webpack-dev-server/client/utils/createSocketUrl.js
<s> [webpack.Progress] 10% building 7/15 modules 8 active /app/deployment/frontend/node_modules/webpack-dev-server/client/utils/createSocketUrl.js
<s> [webpack.Progress] 10% building 8/15 modules 7 active /app/deployment/frontend/node_modules/webpack-dev-server/client/utils/createSocketUrl.js
<s> [webpack.Progress] 11% building 9/15 modules 6 active /app/deployment/frontend/node_modules/webpack-dev-server/client/utils/createSocketUrl.js
<s> [webpack.Progress] 11% building 10/15 modules 5 active /app/deployment/frontend/node_modules/webpack-dev-server/client/utils/createSocketUrl.js
<s> [webpack.Progress] 11% building 11/15 modules 4 active /app/deployment/frontend/node_modules/webpack-dev-server/client/utils/createSocketUrl.js
<s> [webpack.Progress] 11% building 12/15 modules 3 active /app/deployment/frontend/node_modules/webpack-dev-server/client/utils/createSocketUrl.js
<s> [webpack.Progress] 11% building 13/15 modules 2 active /app/deployment/frontend/node_modules/webpack-dev-server/client/utils/createSocketUrl.js
<s> [webpack.Progress] 11% building 14/15 modules 1 active /app/deployment/frontend/node_modules/cache-loader/dist/cjs.js??ref--13-0!/app/deployment/frontend/node_modules/babel-loader/lib/index.js!/app/deployment/frontend/node_modules/eslint-loader/index.js??ref--14-0!/app/deployment/frontend/src/main.js
<s> [webpack.Progress] 11% building 14/16 modules 2 active /app/deployment/frontend/node_modules/webpack-dev-server/client/clients/SockJSClient.js
<s> [webpack.Progress] 11% building 14/17 modules 3 active /app/deployment/frontend/node_modules/events/events.js
<s> [webpack.Progress] 11% building 15/17 modules 2 active /app/deployment/frontend/node_modules/events/events.js
<s> [webpack.Progress] 40% building 15/17 modules 2 active /app/deployment/frontend/node_modules/events/events.js
<s> [webpack.Progress] 40% building 16/17 modules 1 active /app/deployment/frontend/node_modules/events/events.js
<s> [webpack.Progress] 40% building 16/18 modules 2 active /app/deployment/frontend/node_modules/webpack-dev-server/client/utils/getCurrentScriptSource.js
<s> [webpack.Progress] 40% building 16/19 modules 3 active /app/deployment/frontend/node_modules/url/url.js
<s> [webpack.Progress] 40% building 17/19 modules 2 active /app/deployment/frontend/node_modules/url/url.js
<s> [webpack.Progress] 40% building 18/19 modules 1 active /app/deployment/frontend/node_modules/url/url.js
<s> [webpack.Progress] 40% building 19/19 modules 0 active
<s> [webpack.Progress] 40% building 19/20 modules 1 active /app/deployment/frontend/node_modules/webpack-dev-server/client/clients/BaseClient.js
<s> [webpack.Progress] 40% building 19/21 modules 2 active /app/deployment/frontend/node_modules/vue/dist/vue.runtime.esm-bundler.js
<s> [webpack.Progress] 40% building 19/22 modules 3 active /app/deployment/frontend/node_modules/webpack-dev-server/node_modules/strip-ansi/index.js
<s> [webpack.Progress] 40% building 19/23 modules 4 active /app/deployment/frontend/node_modules/cache-loader/dist/cjs.js??ref--1-0!/app/deployment/frontend/node_modules/vue-loader-v16/dist/index.js??ref--1-1!/app/deployment/frontend/node_modules/eslint-loader/index.js??ref--14-0!/app/deployment/frontend/src/App.vue
<s> [webpack.Progress] 40% building 20/23 modules 3 active /app/deployment/frontend/node_modules/cache-loader/dist/cjs.js??ref--1-0!/app/deployment/frontend/node_modules/vue-loader-v16/dist/index.js??ref--1-1!/app/deployment/frontend/node_modules/eslint-loader/index.js??ref--14-0!/app/deployment/frontend/src/App.vue
<s> [webpack.Progress] 40% building 21/23 modules 2 active /app/deployment/frontend/node_modules/cache-loader/dist/cjs.js??ref--1-0!/app/deployment/frontend/node_modules/vue-loader-v16/dist/index.js??ref--1-1!/app/deployment/frontend/node_modules/eslint-loader/index.js??ref--14-0!/app/deployment/frontend/src/App.vue
<s> [webpack.Progress] 40% building 21/24 modules 3 active /app/deployment/frontend/node_modules/url/util.js
<s> [webpack.Progress] 40% building 22/24 modules 2 active /app/deployment/frontend/node_modules/url/util.js
<s> [webpack.Progress] 40% building 22/25 modules 3 active /app/deployment/frontend/node_modules/ansi-html-community/index.js
<s> [webpack.Progress] 40% building 22/26 modules 4 active /app/deployment/frontend/node_modules/querystring-es3/index.js
<s> [webpack.Progress] 40% building 22/27 modules 5 active /app/deployment/frontend/node_modules/html-entities/lib/index.js
<s> [webpack.Progress] 40% building 22/28 modules 6 active /app/deployment/frontend/node_modules/node-libs-browser/node_modules/punycode/punycode.js
<s> [webpack.Progress] 40% building 23/28 modules 5 active /app/deployment/frontend/node_modules/node-libs-browser/node_modules/punycode/punycode.js
<s> [webpack.Progress] 40% building 24/28 modules 4 active /app/deployment/frontend/node_modules/node-libs-browser/node_modules/punycode/punycode.js
<s> [webpack.Progress] 40% building 24/29 modules 5 active /app/deployment/frontend/node_modules/loglevel/lib/loglevel.js
<s> [webpack.Progress] 40% building 25/29 modules 4 active /app/deployment/frontend/node_modules/loglevel/lib/loglevel.js
<s> [webpack.Progress] 40% building 25/30 modules 5 active /app/deployment/frontend/node_modules/vue-style-loader/index.js??ref--7-oneOf-3-0!/app/deployment/frontend/node_modules/css-loader/dist/cjs.js??ref--7-oneOf-3-1!/app/deployment/frontend/node_modules/postcss-loader/src/index.js??ref--7-oneOf-3-2!/app/deployment/frontend/node_modules/bootstrap/dist/css/bootstrap.css
<s> [webpack.Progress] 40% building 26/30 modules 4 active /app/deployment/frontend/node_modules/loglevel/lib/loglevel.js
<s> [webpack.Progress] 40% building 26/31 modules 5 active /app/deployment/frontend/node_modules/css-loader/dist/cjs.js??ref--7-oneOf-3-1!/app/deployment/frontend/node_modules/postcss-loader/src/index.js??ref--7-oneOf-3-2!/app/deployment/frontend/node_modules/bootstrap/dist/css/bootstrap.css
<s> [webpack.Progress] 40% building 26/32 modules 6 active /app/deployment/frontend/node_modules/sockjs-client/dist/sockjs.js
<s> [webpack.Progress] 40% building 27/32 modules 5 active /app/deployment/frontend/node_modules/sockjs-client/dist/sockjs.js
<s> [webpack.Progress] 40% building 28/32 modules 4 active /app/deployment/frontend/node_modules/sockjs-client/dist/sockjs.js
<s> [webpack.Progress] 40% building 28/33 modules 5 active /app/deployment/frontend/node_modules/webpack/buildin/module.js
<s> [webpack.Progress] 40% building 28/34 modules 6 active /app/deployment/frontend/node_modules/webpack/buildin/global.js
<s> [webpack.Progress] 40% building 29/34 modules 5 active /app/deployment/frontend/node_modules/webpack/buildin/global.js
<s> [webpack.Progress] 40% building 30/34 modules 4 active /app/deployment/frontend/node_modules/sockjs-client/dist/sockjs.js
<s> [webpack.Progress] 40% building 31/34 modules 3 active /app/deployment/frontend/node_modules/sockjs-client/dist/sockjs.js
<s> [webpack.Progress] 40% building 32/34 modules 2 active /app/deployment/frontend/node_modules/sockjs-client/dist/sockjs.js
<s> [webpack.Progress] 40% building 33/34 modules 1 active /app/deployment/frontend/node_modules/cache-loader/dist/cjs.js??ref--1-0!/app/deployment/frontend/node_modules/vue-loader-v16/dist/index.js??ref--1-1!/app/deployment/frontend/node_modules/eslint-loader/index.js??ref--14-0!/app/deployment/frontend/src/App.vue
<s> [webpack.Progress] 40% building 33/35 modules 2 active /app/deployment/frontend/node_modules/vue-style-loader/lib/addStylesClient.js
<s> [webpack.Progress] 40% building 33/36 modules 3 active /app/deployment/frontend/node_modules/querystring-es3/decode.js
<s> [webpack.Progress] 40% building 33/37 modules 4 active /app/deployment/frontend/node_modules/querystring-es3/encode.js
<s> [webpack.Progress] 40% building 34/37 modules 3 active /app/deployment/frontend/node_modules/querystring-es3/encode.js
<s> [webpack.Progress] 40% building 34/38 modules 4 active /app/deployment/frontend/node_modules/html-entities/lib/xml-entities.js
<s> [webpack.Progress] 40% building 34/39 modules 5 active /app/deployment/frontend/node_modules/html-entities/lib/html4-entities.js
<s> [webpack.Progress] 40% building 34/40 modules 6 active /app/deployment/frontend/node_modules/html-entities/lib/html5-entities.js
<s> [webpack.Progress] 40% building 35/40 modules 5 active /app/deployment/frontend/node_modules/html-entities/lib/html5-entities.js
<s> [webpack.Progress] 40% building 36/40 modules 4 active /app/deployment/frontend/node_modules/html-entities/lib/html5-entities.js
<s> [webpack.Progress] 40% building 37/40 modules 3 active /app/deployment/frontend/node_modules/html-entities/lib/html5-entities.js
<s> [webpack.Progress] 40% building 37/41 modules 4 active /app/deployment/frontend/node_modules/vue-loader-v16/dist/pitcher.js!/app/deployment/frontend/node_modules/cache-loader/dist/cjs.js??ref--13-0!/app/deployment/frontend/node_modules/babel-loader/lib/index.js!/app/deployment/frontend/node_modules/cache-loader/dist/cjs.js??ref--1-0!/app/deployment/frontend/node_modules/vue-loader-v16/dist/index.js??ref--1-1!/app/deployment/frontend/node_modules/eslint-loader/index.js??ref--14-0!/app/deployment/frontend/node_modules/eslint-loader/index.js??ref--14-0!/app/deployment/frontend/src/App.vue?vue&type=script&lang=js
<s> [webpack.Progress] 40% building 38/41 modules 3 active /app/deployment/frontend/node_modules/html-entities/lib/html5-entities.js
<s> [webpack.Progress] 40% building 38/42 modules 4 active /app/deployment/frontend/node_modules/vue-loader-v16/dist/pitcher.js!/app/deployment/frontend/node_modules/vue-style-loader/index.js??ref--7-oneOf-1-0!/app/deployment/frontend/node_modules/css-loader/dist/cjs.js??ref--7-oneOf-1-1!/app/deployment/frontend/node_modules/postcss-loader/src/index.js??ref--7-oneOf-1-2!/app/deployment/frontend/node_modules/cache-loader/dist/cjs.js??ref--1-0!/app/deployment/frontend/node_modules/vue-loader-v16/dist/index.js??ref--1-1!/app/deployment/frontend/node_modules/eslint-loader/index.js??ref--14-0!/app/deployment/frontend/src/App.vue?vue&type=style&index=0&id=7ba5bd90&lang=css
<s> [webpack.Progress] 40% building 39/42 modules 3 active /app/deployment/frontend/node_modules/html-entities/lib/html5-entities.js
<s> [webpack.Progress] 40% building 39/43 modules 4 active /app/deployment/frontend/node_modules/cache-loader/dist/cjs.js??ref--13-0!/app/deployment/frontend/node_modules/babel-loader/lib/index.js!/app/deployment/frontend/node_modules/cache-loader/dist/cjs.js??ref--1-0!/app/deployment/frontend/node_modules/vue-loader-v16/dist/index.js??ref--1-1!/app/deployment/frontend/src/App.vue?vue&type=script&lang=js
<s> [webpack.Progress] 40% building 39/44 modules 5 active /app/deployment/frontend/node_modules/vue-loader-v16/dist/pitcher.js!/app/deployment/frontend/node_modules/cache-loader/dist/cjs.js??ref--13-0!/app/deployment/frontend/node_modules/babel-loader/lib/index.js!/app/deployment/frontend/node_modules/vue-loader-v16/dist/templateLoader.js??ref--6!/app/deployment/frontend/node_modules/cache-loader/dist/cjs.js??ref--1-0!/app/deployment/frontend/node_modules/vue-loader-v16/dist/index.js??ref--1-1!/app/deployment/frontend/node_modules/eslint-loader/index.js??ref--14-0!/app/deployment/frontend/src/App.vue?vue&type=template&id=7ba5bd90
<s> [webpack.Progress] 40% building 40/44 modules 4 active /app/deployment/frontend/node_modules/cache-loader/dist/cjs.js??ref--13-0!/app/deployment/frontend/node_modules/babel-loader/lib/index.js!/app/deployment/frontend/node_modules/cache-loader/dist/cjs.js??ref--1-0!/app/deployment/frontend/node_modules/vue-loader-v16/dist/index.js??ref--1-1!/app/deployment/frontend/src/App.vue?vue&type=script&lang=js
<s> [webpack.Progress] 40% building 40/45 modules 5 active /app/deployment/frontend/node_modules/cache-loader/dist/cjs.js??ref--13-0!/app/deployment/frontend/node_modules/babel-loader/lib/index.js!/app/deployment/frontend/node_modules/vue-loader-v16/dist/templateLoader.js??ref--6!/app/deployment/frontend/node_modules/cache-loader/dist/cjs.js??ref--1-0!/app/deployment/frontend/node_modules/vue-loader-v16/dist/index.js??ref--1-1!/app/deployment/frontend/src/App.vue?vue&type=template&id=7ba5bd90
<s> [webpack.Progress] 40% building 40/46 modules 6 active /app/deployment/frontend/node_modules/css-loader/dist/runtime/api.js
<s> [webpack.Progress] 40% building 41/46 modules 5 active /app/deployment/frontend/node_modules/css-loader/dist/runtime/api.js
<s> [webpack.Progress] 40% building 42/46 modules 4 active /app/deployment/frontend/node_modules/css-loader/dist/runtime/api.js
<s> [webpack.Progress] 40% building 43/46 modules 3 active /app/deployment/frontend/node_modules/css-loader/dist/runtime/api.js
<s> [webpack.Progress] 40% building 43/47 modules 4 active /app/deployment/frontend/node_modules/vue-loader-v16/dist/exportHelper.js
<s> [webpack.Progress] 40% building 43/48 modules 5 active /app/deployment/frontend/node_modules/vue-style-loader/index.js??ref--7-oneOf-1-0!/app/deployment/frontend/node_modules/css-loader/dist/cjs.js??ref--7-oneOf-1-1!/app/deployment/frontend/node_modules/vue-loader-v16/dist/stylePostLoader.js!/app/deployment/frontend/node_modules/postcss-loader/src/index.js??ref--7-oneOf-1-2!/app/deployment/frontend/node_modules/cache-loader/dist/cjs.js??ref--1-0!/app/deployment/frontend/node_modules/vue-loader-v16/dist/index.js??ref--1-1!/app/deployment/frontend/src/App.vue?vue&type=style&index=0&id=7ba5bd90&lang=css
<s> [webpack.Progress] 40% building 44/48 modules 4 active /app/deployment/frontend/node_modules/vue-loader-v16/dist/exportHelper.js
<s> [webpack.Progress] 40% building 44/49 modules 5 active /app/deployment/frontend/node_modules/css-loader/dist/cjs.js??ref--7-oneOf-1-1!/app/deployment/frontend/node_modules/vue-loader-v16/dist/stylePostLoader.js!/app/deployment/frontend/node_modules/postcss-loader/src/index.js??ref--7-oneOf-1-2!/app/deployment/frontend/node_modules/cache-loader/dist/cjs.js??ref--1-0!/app/deployment/frontend/node_modules/vue-loader-v16/dist/index.js??ref--1-1!/app/deployment/frontend/src/App.vue?vue&type=style&index=0&id=7ba5bd90&lang=css
<s> [webpack.Progress] 40% building 45/49 modules 4 active /app/deployment/frontend/node_modules/css-loader/dist/cjs.js??ref--7-oneOf-1-1!/app/deployment/frontend/node_modules/vue-loader-v16/dist/stylePostLoader.js!/app/deployment/frontend/node_modules/postcss-loader/src/index.js??ref--7-oneOf-1-2!/app/deployment/frontend/node_modules/cache-loader/dist/cjs.js??ref--1-0!/app/deployment/frontend/node_modules/vue-loader-v16/dist/index.js??ref--1-1!/app/deployment/frontend/src/App.vue?vue&type=style&index=0&id=7ba5bd90&lang=css
<s> [webpack.Progress] 40% building 46/49 modules 3 active /app/deployment/frontend/node_modules/css-loader/dist/cjs.js??ref--7-oneOf-1-1!/app/deployment/frontend/node_modules/vue-loader-v16/dist/stylePostLoader.js!/app/deployment/frontend/node_modules/postcss-loader/src/index.js??ref--7-oneOf-1-2!/app/deployment/frontend/node_modules/cache-loader/dist/cjs.js??ref--1-0!/app/deployment/frontend/node_modules/vue-loader-v16/dist/index.js??ref--1-1!/app/deployment/frontend/src/App.vue?vue&type=style&index=0&id=7ba5bd90&lang=css
<s> [webpack.Progress] 40% building 46/50 modules 4 active /app/deployment/frontend/node_modules/vue-style-loader/lib/listToStyles.js
<s> [webpack.Progress] 40% building 47/50 modules 3 active /app/deployment/frontend/node_modules/vue-style-loader/lib/listToStyles.js
<s> [webpack.Progress] 40% building 48/50 modules 2 active /app/deployment/frontend/node_modules/vue-style-loader/lib/listToStyles.js
<s> [webpack.Progress] 40% building 49/50 modules 1 active /app/deployment/frontend/node_modules/vue-style-loader/lib/listToStyles.js
<s> [webpack.Progress] 40% building 49/51 modules 2 active /app/deployment/frontend/node_modules/html-entities/lib/surrogate-pairs.js
<s> [webpack.Progress] 40% building 49/52 modules 3 active /app/deployment/frontend/node_modules/@vue/runtime-dom/dist/runtime-dom.esm-bundler.js
<s> [webpack.Progress] 40% building 49/53 modules 4 active /app/deployment/frontend/node_modules/webpack-dev-server/node_modules/ansi-regex/index.js
<s> [webpack.Progress] 40% building 50/53 modules 3 active /app/deployment/frontend/node_modules/webpack-dev-server/node_modules/ansi-regex/index.js
<s> [webpack.Progress] 40% building 50/54 modules 4 active /app/deployment/frontend/node_modules/css-loader/dist/cjs.js??ref--7-oneOf-1-1!/app/deployment/frontend/node_modules/vue-loader-v16/dist/stylePostLoader.js!/app/deployment/frontend/node_modules/postcss-loader/src/index.js??ref--7-oneOf-1-2!/app/deployment/frontend/src/assets/claymorphism.css
<s> [webpack.Progress] 40% building 51/54 modules 3 active /app/deployment/frontend/node_modules/css-loader/dist/cjs.js??ref--7-oneOf-1-1!/app/deployment/frontend/node_modules/vue-loader-v16/dist/stylePostLoader.js!/app/deployment/frontend/node_modules/postcss-loader/src/index.js??ref--7-oneOf-1-2!/app/deployment/frontend/src/assets/claymorphism.css
<s> [webpack.Progress] 40% building 52/54 modules 2 active /app/deployment/frontend/node_modules/css-loader/dist/cjs.js??ref--7-oneOf-1-1!/app/deployment/frontend/node_modules/vue-loader-v16/dist/stylePostLoader.js!/app/deployment/frontend/node_modules/postcss-loader/src/index.js??ref--7-oneOf-1-2!/app/deployment/frontend/src/assets/claymorphism.css
<s> [webpack.Progress] 40% building 52/55 modules 3 active /app/deployment/frontend/node_modules/cache-loader/dist/cjs.js??ref--1-0!/app/deployment/frontend/node_modules/vue-loader-v16/dist/index.js??ref--1-1!/app/deployment/frontend/node_modules/eslint-loader/index.js??ref--14-0!/app/deployment/frontend/src/components/CspTool.vue
<s> [webpack.Progress] 40% building 53/55 modules 2 active /app/deployment/frontend/node_modules/cache-loader/dist/cjs.js??ref--1-0!/app/deployment/frontend/node_modules/vue-loader-v16/dist/index.js??ref--1-1!/app/deployment/frontend/node_modules/eslint-loader/index.js??ref--14-0!/app/deployment/frontend/src/components/CspTool.vue
<s> [webpack.Progress] 40% building 54/55 modules 1 active /app/deployment/frontend/node_modules/cache-loader/dist/cjs.js??ref--1-0!/app/deployment/frontend/node_modules/vue-loader-v16/dist/index.js??ref--1-1!/app/deployment/frontend/node_modules/eslint-loader/index.js??ref--14-0!/app/deployment/frontend/src/components/CspTool.vue
<s> [webpack.Progress] 40% building 55/55 modules 0 active
<s> [webpack.Progress] 40% building 55/56 modules 1 active /app/deployment/frontend/node_modules/vue-loader-v16/dist/pitcher.js!/app/deployment/frontend/node_modules/cache-loader/dist/cjs.js??ref--13-0!/app/deployment/frontend/node_modules/babel-loader/lib/index.js!/app/deployment/frontend/node_modules/vue-loader-v16/dist/templateLoader.js??ref--6!/app/deployment/frontend/node_modules/cache-loader/dist/cjs.js??ref--1-0!/app/deployment/frontend/node_modules/vue-loader-v16/dist/index.js??ref--1-1!/app/deployment/frontend/node_modules/eslint-loader/index.js??ref--14-0!/app/deployment/frontend/src/components/CspTool.vue?vue&type=template&id=e3121490&scoped=true
<s> [webpack.Progress] 40% building 56/56 modules 0 active
<s> [webpack.Progress] 40% building 56/57 modules 1 active /app/deployment/frontend/node_modules/vue-loader-v16/dist/pitcher.js!/app/deployment/frontend/node_modules/cache-loader/dist/cjs.js??ref--13-0!/app/deployment/frontend/node_modules/babel-loader/lib/index.js!/app/deployment/frontend/node_modules/cache-loader/dist/cjs.js??ref--1-0!/app/deployment/frontend/node_modules/vue-loader-v16/dist/index.js??ref--1-1!/app/deployment/frontend/node_modules/eslint-loader/index.js??ref--14-0!/app/deployment/frontend/node_modules/eslint-loader/index.js??ref--14-0!/app/deployment/frontend/src/components/CspTool.vue?vue&type=script&lang=js
<s> [webpack.Progress] 40% building 57/57 modules 0 active
<s> [webpack.Progress] 40% building 57/58 modules 1 active /app/deployment/frontend/node_modules/vue-loader-v16/dist/pitcher.js!/app/deployment/frontend/node_modules/vue-style-loader/index.js??ref--7-oneOf-1-0!/app/deployment/frontend/node_modules/css-loader/dist/cjs.js??ref--7-oneOf-1-1!/app/deployment/frontend/node_modules/postcss-loader/src/index.js??ref--7-oneOf-1-2!/app/deployment/frontend/node_modules/cache-loader/dist/cjs.js??ref--1-0!/app/deployment/frontend/node_modules/vue-loader-v16/dist/index.js??ref--1-1!/app/deployment/frontend/node_modules/eslint-loader/index.js??ref--14-0!/app/deployment/frontend/src/components/CspTool.vue?vue&type=style&index=0&id=e3121490&scoped=true&lang=css
<s> [webpack.Progress] 40% building 58/58 modules 0 active
<s> [webpack.Progress] 40% building 58/59 modules 1 active /app/deployment/frontend/node_modules/cache-loader/dist/cjs.js??ref--13-0!/app/deployment/frontend/node_modules/babel-loader/lib/index.js!/app/deployment/frontend/node_modules/vue-loader-v16/dist/templateLoader.js??ref--6!/app/deployment/frontend/node_modules/cache-loader/dist/cjs.js??ref--1-0!/app/deployment/frontend/node_modules/vue-loader-v16/dist/index.js??ref--1-1!/app/deployment/frontend/src/components/CspTool.vue?vue&type=template&id=e3121490&scoped=true
<s> [webpack.Progress] 40% building 58/60 modules 2 active /app/deployment/frontend/node_modules/cache-loader/dist/cjs.js??ref--13-0!/app/deployment/frontend/node_modules/babel-loader/lib/index.js!/app/deployment/frontend/node_modules/cache-loader/dist/cjs.js??ref--1-0!/app/deployment/frontend/node_modules/vue-loader-v16/dist/index.js??ref--1-1!/app/deployment/frontend/src/components/CspTool.vue?vue&type=script&lang=js
<s> [webpack.Progress] 40% building 58/61 modules 3 active /app/deployment/frontend/node_modules/vue-style-loader/index.js??ref--7-oneOf-1-0!/app/deployment/frontend/node_modules/css-loader/dist/cjs.js??ref--7-oneOf-1-1!/app/deployment/frontend/node_modules/vue-loader-v16/dist/stylePostLoader.js!/app/deployment/frontend/node_modules/postcss-loader/src/index.js??ref--7-oneOf-1-2!/app/deployment/frontend/node_modules/cache-loader/dist/cjs.js??ref--1-0!/app/deployment/frontend/node_modules/vue-loader-v16/dist/index.js??ref--1-1!/app/deployment/frontend/src/components/CspTool.vue?vue&type=style&index=0&id=e3121490&scoped=true&lang=css
<s> [webpack.Progress] 40% building 59/61 modules 2 active /app/deployment/frontend/node_modules/cache-loader/dist/cjs.js??ref--13-0!/app/deployment/frontend/node_modules/babel-loader/lib/index.js!/app/deployment/frontend/node_modules/cache-loader/dist/cjs.js??ref--1-0!/app/deployment/frontend/node_modules/vue-loader-v16/dist/index.js??ref--1-1!/app/deployment/frontend/src/components/CspTool.vue?vue&type=script&lang=js
<s> [webpack.Progress] 40% building 59/62 modules 3 active /app/deployment/frontend/node_modules/css-loader/dist/cjs.js??ref--7-oneOf-1-1!/app/deployment/frontend/node_modules/vue-loader-v16/dist/stylePostLoader.js!/app/deployment/frontend/node_modules/postcss-loader/src/index.js??ref--7-oneOf-1-2!/app/deployment/frontend/node_modules/cache-loader/dist/cjs.js??ref--1-0!/app/deployment/frontend/node_modules/vue-loader-v16/dist/index.js??ref--1-1!/app/deployment/frontend/src/components/CspTool.vue?vue&type=style&index=0&id=e3121490&scoped=true&lang=css
<s> [webpack.Progress] 40% building 60/62 modules 2 active /app/deployment/frontend/node_modules/cache-loader/dist/cjs.js??ref--13-0!/app/deployment/frontend/node_modules/babel-loader/lib/index.js!/app/deployment/frontend/node_modules/cache-loader/dist/cjs.js??ref--1-0!/app/deployment/frontend/node_modules/vue-loader-v16/dist/index.js??ref--1-1!/app/deployment/frontend/src/components/CspTool.vue?vue&type=script&lang=js
<s> [webpack.Progress] 40% building 61/62 modules 1 active /app/deployment/frontend/node_modules/cache-loader/dist/cjs.js??ref--13-0!/app/deployment/frontend/node_modules/babel-loader/lib/index.js!/app/deployment/frontend/node_modules/cache-loader/dist/cjs.js??ref--1-0!/app/deployment/frontend/node_modules/vue-loader-v16/dist/index.js??ref--1-1!/app/deployment/frontend/src/components/CspTool.vue?vue&type=script&lang=js
<s> [webpack.Progress] 40% building 61/63 modules 2 active /app/deployment/frontend/node_modules/@vue/runtime-core/dist/runtime-core.esm-bundler.js
<s> [webpack.Progress] 40% building 61/64 modules 3 active /app/deployment/frontend/node_modules/@vue/shared/dist/shared.esm-bundler.js
<s> [webpack.Progress] 40% building 62/64 modules 2 active /app/deployment/frontend/node_modules/@vue/shared/dist/shared.esm-bundler.js
<s> [webpack.Progress] 40% building 63/64 modules 1 active /app/deployment/frontend/node_modules/@vue/runtime-core/dist/runtime-core.esm-bundler.js
<s> [webpack.Progress] 40% building 64/64 modules 0 active
<s> [webpack.Progress] 40% building 64/65 modules 1 active /app/deployment/frontend/node_modules/core-js/modules/es.array.includes.js
<s> [webpack.Progress] 40% building 64/66 modules 2 active /app/deployment/frontend/node_modules/core-js/modules/esnext.iterator.constructor.js
<s> [webpack.Progress] 40% building 64/67 modules 3 active /app/deployment/frontend/node_modules/core-js/modules/esnext.iterator.flat-map.js
<s> [webpack.Progress] 40% building 64/68 modules 4 active /app/deployment/frontend/node_modules/core-js/modules/esnext.iterator.for-each.js
<s> [webpack.Progress] 40% building 64/69 modules 5 active /app/deployment/frontend/node_modules/core-js/modules/esnext.iterator.map.js
<s> [webpack.Progress] 40% building 65/69 modules 4 active /app/deployment/frontend/node_modules/core-js/modules/esnext.iterator.map.js
<s> [webpack.Progress] 40% building 66/69 modules 3 active /app/deployment/frontend/node_modules/core-js/modules/esnext.iterator.map.js
<s> [webpack.Progress] 40% building 67/69 modules 2 active /app/deployment/frontend/node_modules/core-js/modules/esnext.iterator.map.js
<s> [webpack.Progress] 40% building 68/69 modules 1 active /app/deployment/frontend/node_modules/core-js/modules/esnext.iterator.map.js
<s> [webpack.Progress] 40% building 69/69 modules 0 active
<s> [webpack.Progress] 40% building 69/70 modules 1 active /app/deployment/frontend/node_modules/core-js/internals/export.js
<s> [webpack.Progress] 40% building 69/71 modules 2 active /app/deployment/frontend/node_modules/core-js/internals/global.js
<s> [webpack.Progress] 40% building 69/72 modules 3 active /app/deployment/frontend/node_modules/core-js/internals/an-instance.js
<s> [webpack.Progress] 40% building 69/73 modules 4 active /app/deployment/frontend/node_modules/core-js/internals/fails.js
<s> [webpack.Progress] 40% building 69/74 modules 5 active /app/deployment/frontend/node_modules/core-js/internals/create-non-enumerable-property.js
<s> [webpack.Progress] 40% building 69/75 modules 6 active /app/deployment/frontend/node_modules/core-js/internals/has.js
<s> [webpack.Progress] 40% building 69/76 modules 7 active /app/deployment/frontend/node_modules/core-js/internals/well-known-symbol.js
<s> [webpack.Progress] 40% building 69/77 modules 8 active /app/deployment/frontend/node_modules/core-js/internals/iterators-core.js
<s> [webpack.Progress] 40% building 69/78 modules 9 active /app/deployment/frontend/node_modules/core-js/internals/is-pure.js
<s> [webpack.Progress] 40% building 69/79 modules 10 active /app/deployment/frontend/node_modules/core-js/internals/array-includes.js
<s> [webpack.Progress] 40% building 69/80 modules 11 active /app/deployment/frontend/node_modules/core-js/internals/add-to-unscopables.js
<s> [webpack.Progress] 40% building 69/81 modules 12 active /app/deployment/frontend/node_modules/core-js/internals/a-function.js
<s> [webpack.Progress] 40% building 69/82 modules 13 active /app/deployment/frontend/node_modules/core-js/internals/an-object.js
<s> [webpack.Progress] 40% building 69/83 modules 14 active /app/deployment/frontend/node_modules/core-js/internals/get-iterator-method.js
<s> [webpack.Progress] 40% building 69/84 modules 15 active /app/deployment/frontend/node_modules/core-js/internals/iterator-create-proxy.js
<s> [webpack.Progress] 40% building 69/85 modules 16 active /app/deployment/frontend/node_modules/core-js/internals/iterator-close.js
<s> [webpack.Progress] 40% building 69/86 modules 17 active /app/deployment/frontend/node_modules/core-js/internals/iterate.js
<s> [webpack.Progress] 40% building 69/87 modules 18 active /app/deployment/frontend/node_modules/core-js/internals/call-with-safe-iteration-closing.js
<s> [webpack.Progress] 40% building 69/88 modules 19 active /app/deployment/frontend/node_modules/axios/index.js
<s> [webpack.Progress] 40% building 69/89 modules 20 active /app/deployment/frontend/node_modules/d3/src/index.js
<s> [webpack.Progress] 40% building 70/89 modules 19 active /app/deployment/frontend/node_modules/d3/src/index.js
<s> [webpack.Progress] 40% building 71/89 modules 18 active /app/deployment/frontend/node_modules/d3/src/index.js
<s> [webpack.Progress] 40% building 72/89 modules 17 active /app/deployment/frontend/node_modules/d3/src/index.js
<s> [webpack.Progress] 40% building 73/89 modules 16 active /app/deployment/frontend/node_modules/d3/src/index.js
<s> [webpack.Progress] 40% building 74/89 modules 15 active /app/deployment/frontend/node_modules/d3/src/index.js
<s> [webpack.Progress] 40% building 75/89 modules 14 active /app/deployment/frontend/node_modules/d3/src/index.js
<s> [webpack.Progress] 40% building 76/89 modules 13 active /app/deployment/frontend/node_modules/d3/src/index.js
<s> [webpack.Progress] 40% building 77/89 modules 12 active /app/deployment/frontend/node_modules/d3/src/index.js
<s> [webpack.Progress] 40% building 78/89 modules 11 active /app/deployment/frontend/node_modules/d3/src/index.js
<s> [webpack.Progress] 40% building 79/89 modules 10 active /app/deployment/frontend/node_modules/d3/src/index.js
<s> [webpack.Progress] 40% building 80/89 modules 9 active /app/deployment/frontend/node_modules/d3/src/index.js
<s> [webpack.Progress] 40% building 81/89 modules 8 active /app/deployment/frontend/node_modules/d3/src/index.js
<s> [webpack.Progress] 40% building 82/89 modules 7 active /app/deployment/frontend/node_modules/d3/src/index.js
<s> [webpack.Progress] 40% building 83/89 modules 6 active /app/deployment/frontend/node_modules/d3/src/index.js
<s> [webpack.Progress] 40% building 84/89 modules 5 active /app/deployment/frontend/node_modules/d3/src/index.js
<s> [webpack.Progress] 40% building 85/89 modules 4 active /app/deployment/frontend/node_modules/d3/src/index.js
<s> [webpack.Progress] 40% building 86/89 modules 3 active /app/deployment/frontend/node_modules/d3/src/index.js
<s> [webpack.Progress] 40% building 87/89 modules 2 active /app/deployment/frontend/node_modules/d3/src/index.js
<s> [webpack.Progress] 40% building 88/89 modules 1 active /app/deployment/frontend/node_modules/d3/src/index.js
<s> [webpack.Progress] 40% building 88/90 modules 2 active /app/deployment/frontend/node_modules/@vue/reactivity/dist/reactivity.esm-bundler.js
<s> [webpack.Progress] 40% building 89/90 modules 1 active /app/deployment/frontend/node_modules/@vue/reactivity/dist/reactivity.esm-bundler.js
<s> [webpack.Progress] 40% building 90/90 modules 0 active
<s> [webpack.Progress] 40% building 90/91 modules 1 active /app/deployment/frontend/node_modules/core-js/internals/object-get-own-property-descriptor.js
<s> [webpack.Progress] 40% building 90/92 modules 2 active /app/deployment/frontend/node_modules/core-js/internals/redefine.js
<s> [webpack.Progress] 40% building 90/93 modules 3 active /app/deployment/frontend/node_modules/core-js/internals/copy-constructor-properties.js
<s> [webpack.Progress] 40% building 90/94 modules 4 active /app/deployment/frontend/node_modules/core-js/internals/set-global.js
<s> [webpack.Progress] 40% building 90/95 modules 5 active /app/deployment/frontend/node_modules/core-js/internals/is-forced.js
<s> [webpack.Progress] 40% building 90/96 modules 6 active /app/deployment/frontend/node_modules/core-js/internals/to-object.js
<s> [webpack.Progress] 40% building 90/97 modules 7 active /app/deployment/frontend/node_modules/core-js/internals/shared.js
<s> [webpack.Progress] 40% building 90/98 modules 8 active /app/deployment/frontend/node_modules/core-js/internals/uid.js
<s> [webpack.Progress] 40% building 90/99 modules 9 active /app/deployment/frontend/node_modules/core-js/internals/native-symbol.js
<s> [webpack.Progress] 40% building 90/100 modules 10 active /app/deployment/frontend/node_modules/core-js/internals/use-symbol-as-uid.js
<s> [webpack.Progress] 40% building 90/101 modules 11 active /app/deployment/frontend/node_modules/core-js/internals/object-get-prototype-of.js
<s> [webpack.Progress] 40% building 90/102 modules 12 active /app/deployment/frontend/node_modules/core-js/internals/descriptors.js
<s> [webpack.Progress] 40% building 90/103 modules 13 active /app/deployment/frontend/node_modules/core-js/internals/object-define-property.js
<s> [webpack.Progress] 40% building 90/104 modules 14 active /app/deployment/frontend/node_modules/core-js/internals/create-property-descriptor.js
<s> [webpack.Progress] 40% building 90/105 modules 15 active /app/deployment/frontend/node_modules/core-js/internals/to-indexed-object.js
<s> [webpack.Progress] 40% building 90/106 modules 16 active /app/deployment/frontend/node_modules/core-js/internals/to-length.js
<s> [webpack.Progress] 40% building 90/107 modules 17 active /app/deployment/frontend/node_modules/core-js/internals/to-absolute-index.js
<s> [webpack.Progress] 40% building 90/108 modules 18 active /app/deployment/frontend/node_modules/core-js/internals/object-create.js
<s> [webpack.Progress] 40% building 90/109 modules 19 active /app/deployment/frontend/node_modules/core-js/internals/is-object.js
<s> [webpack.Progress] 40% building 90/110 modules 20 active /app/deployment/frontend/node_modules/core-js/internals/classof.js
<s> [webpack.Progress] 40% building 90/111 modules 21 active /app/deployment/frontend/node_modules/core-js/internals/iterators.js
<s> [webpack.Progress] 40% building 90/112 modules 22 active /app/deployment/frontend/node_modules/core-js/internals/path.js
<s> [webpack.Progress] 40% building 90/113 modules 23 active /app/deployment/frontend/node_modules/core-js/internals/redefine-all.js
<s> [webpack.Progress] 40% building 90/114 modules 24 active /app/deployment/frontend/node_modules/core-js/internals/internal-state.js
<s> [webpack.Progress] 40% building 90/115 modules 25 active /app/deployment/frontend/node_modules/core-js/internals/is-array-iterator-method.js
<s> [webpack.Progress] 40% building 90/116 modules 26 active /app/deployment/frontend/node_modules/core-js/internals/function-bind-context.js
<s> [webpack.Progress] 40% building 90/117 modules 27 active /app/deployment/frontend/node_modules/axios/lib/axios.js
<s> [webpack.Progress] 40% building 91/117 modules 26 active /app/deployment/frontend/node_modules/axios/lib/axios.js
<s> [webpack.Progress] 40% building 92/117 modules 25 active /app/deployment/frontend/node_modules/axios/lib/axios.js
<s> [webpack.Progress] 40% building 93/117 modules 24 active /app/deployment/frontend/node_modules/axios/lib/axios.js
<s> [webpack.Progress] 40% building 94/117 modules 23 active /app/deployment/frontend/node_modules/axios/lib/axios.js
<s> [webpack.Progress] 40% building 95/117 modules 22 active /app/deployment/frontend/node_modules/axios/lib/axios.js
<s> [webpack.Progress] 40% building 96/117 modules 21 active /app/deployment/frontend/node_modules/axios/lib/axios.js
<s> [webpack.Progress] 40% building 97/117 modules 20 active /app/deployment/frontend/node_modules/axios/lib/axios.js
<s> [webpack.Progress] 40% building 98/117 modules 19 active /app/deployment/frontend/node_modules/axios/lib/axios.js
<s> [webpack.Progress] 40% building 99/117 modules 18 active /app/deployment/frontend/node_modules/axios/lib/axios.js
<s> [webpack.Progress] 40% building 100/117 modules 17 active /app/deployment/frontend/node_modules/axios/lib/axios.js
<s> [webpack.Progress] 40% building 101/117 modules 16 active /app/deployment/frontend/node_modules/axios/lib/axios.js
<s> [webpack.Progress] 40% building 102/117 modules 15 active /app/deployment/frontend/node_modules/axios/lib/axios.js
<s> [webpack.Progress] 40% building 103/117 modules 14 active /app/deployment/frontend/node_modules/axios/lib/axios.js
<s> [webpack.Progress] 40% building 104/117 modules 13 active /app/deployment/frontend/node_modules/axios/lib/axios.js
<s> [webpack.Progress] 40% building 105/117 modules 12 active /app/deployment/frontend/node_modules/axios/lib/axios.js
<s> [webpack.Progress] 40% building 106/117 modules 11 active /app/deployment/frontend/node_modules/axios/lib/axios.js
<s> [webpack.Progress] 40% building 107/117 modules 10 active /app/deployment/frontend/node_modules/axios/lib/axios.js
<s> [webpack.Progress] 40% building 108/117 modules 9 active /app/deployment/frontend/node_modules/axios/lib/axios.js
<s> [webpack.Progress] 40% building 109/117 modules 8 active /app/deployment/frontend/node_modules/axios/lib/axios.js
<s> [webpack.Progress] 40% building 110/117 modules 7 active /app/deployment/frontend/node_modules/axios/lib/axios.js
<s> [webpack.Progress] 40% building 111/117 modules 6 active /app/deployment/frontend/node_modules/axios/lib/axios.js
<s> [webpack.Progress] 40% building 112/117 modules 5 active /app/deployment/frontend/node_modules/axios/lib/axios.js
<s> [webpack.Progress] 40% building 113/117 modules 4 active /app/deployment/frontend/node_modules/axios/lib/axios.js
<s> [webpack.Progress] 40% building 114/117 modules 3 active /app/deployment/frontend/node_modules/axios/lib/axios.js
<s> [webpack.Progress] 40% building 115/117 modules 2 active /app/deployment/frontend/node_modules/axios/lib/axios.js
<s> [webpack.Progress] 40% building 116/117 modules 1 active /app/deployment/frontend/node_modules/axios/lib/axios.js
<s> [webpack.Progress] 40% building 117/117 modules 0 active
<s> [webpack.Progress] 40% building 117/118 modules 1 active /app/deployment/frontend/node_modules/core-js/internals/object-property-is-enumerable.js
<s> [webpack.Progress] 40% building 117/119 modules 2 active /app/deployment/frontend/node_modules/core-js/internals/to-property-key.js
<s> [webpack.Progress] 40% building 117/120 modules 3 active /app/deployment/frontend/node_modules/core-js/internals/ie8-dom-define.js
<s> [webpack.Progress] 40% building 117/121 modules 4 active /app/deployment/frontend/node_modules/core-js/internals/own-keys.js
<s> [webpack.Progress] 40% building 117/122 modules 5 active /app/deployment/frontend/node_modules/core-js/internals/require-object-coercible.js
<s> [webpack.Progress] 40% building 117/123 modules 6 active /app/deployment/frontend/node_modules/core-js/internals/shared-store.js
<s> [webpack.Progress] 40% building 117/124 modules 7 active /app/deployment/frontend/node_modules/core-js/internals/inspect-source.js
<s> [webpack.Progress] 40% building 117/125 modules 8 active /app/deployment/frontend/node_modules/core-js/internals/engine-v8-version.js
<s> [webpack.Progress] 40% building 117/126 modules 9 active /app/deployment/frontend/node_modules/core-js/internals/shared-key.js
<s> [webpack.Progress] 40% building 117/127 modules 10 active /app/deployment/frontend/node_modules/core-js/internals/correct-prototype-getter.js
<s> [webpack.Progress] 40% building 117/128 modules 11 active /app/deployment/frontend/node_modules/core-js/internals/indexed-object.js
<s> [webpack.Progress] 40% building 117/129 modules 12 active /app/deployment/frontend/node_modules/core-js/internals/to-integer.js
<s> [webpack.Progress] 40% building 117/130 modules 13 active /app/deployment/frontend/node_modules/core-js/internals/object-define-properties.js
<s> [webpack.Progress] 40% building 117/131 modules 14 active /app/deployment/frontend/node_modules/core-js/internals/enum-bug-keys.js
<s> [webpack.Progress] 40% building 117/132 modules 15 active /app/deployment/frontend/node_modules/core-js/internals/hidden-keys.js
<s> [webpack.Progress] 40% building 117/133 modules 16 active /app/deployment/frontend/node_modules/core-js/internals/html.js
<s> [webpack.Progress] 40% building 117/134 modules 17 active /app/deployment/frontend/node_modules/core-js/internals/document-create-element.js
<s> [webpack.Progress] 40% building 117/135 modules 18 active /app/deployment/frontend/node_modules/core-js/internals/to-string-tag-support.js
<s> [webpack.Progress] 40% building 117/136 modules 19 active /app/deployment/frontend/node_modules/core-js/internals/classof-raw.js
<s> [webpack.Progress] 40% building 117/137 modules 20 active /app/deployment/frontend/node_modules/core-js/internals/native-weak-map.js
<s> [webpack.Progress] 40% building 117/138 modules 21 active /app/deployment/frontend/node_modules/axios/lib/utils.js
<s> [webpack.Progress] 40% building 117/139 modules 22 active /app/deployment/frontend/node_modules/axios/lib/defaults.js
<s> [webpack.Progress] 40% building 118/139 modules 21 active /app/deployment/frontend/node_modules/axios/lib/defaults.js
<s> [webpack.Progress] 40% building 119/139 modules 20 active /app/deployment/frontend/node_modules/axios/lib/defaults.js
<s> [webpack.Progress] 40% building 120/139 modules 19 active /app/deployment/frontend/node_modules/axios/lib/defaults.js
<s> [webpack.Progress] 40% building 121/139 modules 18 active /app/deployment/frontend/node_modules/axios/lib/defaults.js
<s> [webpack.Progress] 40% building 122/139 modules 17 active /app/deployment/frontend/node_modules/axios/lib/defaults.js
<s> [webpack.Progress] 40% building 123/139 modules 16 active /app/deployment/frontend/node_modules/axios/lib/defaults.js
<s> [webpack.Progress] 40% building 124/139 modules 15 active /app/deployment/frontend/node_modules/axios/lib/defaults.js
<s> [webpack.Progress] 40% building 125/139 modules 14 active /app/deployment/frontend/node_modules/axios/lib/defaults.js
<s> [webpack.Progress] 40% building 126/139 modules 13 active /app/deployment/frontend/node_modules/axios/lib/defaults.js
<s> [webpack.Progress] 40% building 127/139 modules 12 active /app/deployment/frontend/node_modules/axios/lib/defaults.js
<s> [webpack.Progress] 40% building 128/139 modules 11 active /app/deployment/frontend/node_modules/axios/lib/defaults.js
<s> [webpack.Progress] 40% building 129/139 modules 10 active /app/deployment/frontend/node_modules/axios/lib/defaults.js
<s> [webpack.Progress] 40% building 130/139 modules 9 active /app/deployment/frontend/node_modules/axios/lib/defaults.js
<s> [webpack.Progress] 40% building 131/139 modules 8 active /app/deployment/frontend/node_modules/axios/lib/defaults.js
<s> [webpack.Progress] 40% building 132/139 modules 7 active /app/deployment/frontend/node_modules/axios/lib/defaults.js
<s> [webpack.Progress] 40% building 133/139 modules 6 active /app/deployment/frontend/node_modules/axios/lib/defaults.js
<s> [webpack.Progress] 40% building 134/139 modules 5 active /app/deployment/frontend/node_modules/axios/lib/defaults.js
<s> [webpack.Progress] 40% building 135/139 modules 4 active /app/deployment/frontend/node_modules/axios/lib/defaults.js
<s> [webpack.Progress] 40% building 136/139 modules 3 active /app/deployment/frontend/node_modules/axios/lib/defaults.js
<s> [webpack.Progress] 40% building 137/139 modules 2 active /app/deployment/frontend/node_modules/axios/lib/defaults.js
<s> [webpack.Progress] 40% building 137/140 modules 3 active /app/deployment/frontend/node_modules/axios/lib/helpers/bind.js
<s> [webpack.Progress] 40% building 137/141 modules 4 active /app/deployment/frontend/node_modules/axios/lib/helpers/spread.js
<s> [webpack.Progress] 40% building 137/142 modules 5 active /app/deployment/frontend/node_modules/axios/lib/helpers/isAxiosError.js
<s> [webpack.Progress] 40% building 137/143 modules 6 active /app/deployment/frontend/node_modules/axios/lib/core/Axios.js
<s> [webpack.Progress] 40% building 137/144 modules 7 active /app/deployment/frontend/node_modules/axios/lib/core/mergeConfig.js
<s> [webpack.Progress] 40% building 137/145 modules 8 active /app/deployment/frontend/node_modules/axios/lib/cancel/Cancel.js
<s> [webpack.Progress] 40% building 137/146 modules 9 active /app/deployment/frontend/node_modules/axios/lib/cancel/CancelToken.js
<s> [webpack.Progress] 40% building 137/147 modules 10 active /app/deployment/frontend/node_modules/axios/lib/cancel/isCancel.js
<s> [webpack.Progress] 40% building 138/147 modules 9 active /app/deployment/frontend/node_modules/axios/lib/cancel/isCancel.js
<s> [webpack.Progress] 40% building 139/147 modules 8 active /app/deployment/frontend/node_modules/axios/lib/cancel/isCancel.js
<s> [webpack.Progress] 40% building 139/148 modules 9 active /app/deployment/frontend/node_modules/d3-array/src/index.js
<s> [webpack.Progress] 40% building 139/149 modules 10 active /app/deployment/frontend/node_modules/d3-axis/src/index.js
<s> [webpack.Progress] 40% building 139/150 modules 11 active /app/deployment/frontend/node_modules/d3-brush/src/index.js
<s> [webpack.Progress] 40% building 139/151 modules 12 active /app/deployment/frontend/node_modules/d3-color/src/index.js
<s> [webpack.Progress] 40% building 139/152 modules 13 active /app/deployment/frontend/node_modules/d3-chord/src/index.js
<s> [webpack.Progress] 40% building 139/153 modules 14 active /app/deployment/frontend/node_modules/d3-contour/src/index.js
<s> [webpack.Progress] 40% building 139/154 modules 15 active /app/deployment/frontend/node_modules/d3-delaunay/src/index.js
<s> [webpack.Progress] 40% building 139/155 modules 16 active /app/deployment/frontend/node_modules/d3-dispatch/src/index.js
<s> [webpack.Progress] 40% building 139/156 modules 17 active /app/deployment/frontend/node_modules/d3-drag/src/index.js
<s> [webpack.Progress] 40% building 139/157 modules 18 active /app/deployment/frontend/node_modules/d3-dsv/src/index.js
<s> [webpack.Progress] 40% building 139/158 modules 19 active /app/deployment/frontend/node_modules/d3-fetch/src/index.js
<s> [webpack.Progress] 40% building 139/159 modules 20 active /app/deployment/frontend/node_modules/d3-ease/src/index.js
<s> [webpack.Progress] 40% building 139/160 modules 21 active /app/deployment/frontend/node_modules/d3-force/src/index.js
<s> [webpack.Progress] 40% building 139/161 modules 22 active /app/deployment/frontend/node_modules/d3-format/src/index.js
<s> [webpack.Progress] 40% building 139/162 modules 23 active /app/deployment/frontend/node_modules/d3-geo/src/index.js
<s> [webpack.Progress] 40% building 139/163 modules 24 active /app/deployment/frontend/node_modules/d3-hierarchy/src/index.js
<s> [webpack.Progress] 40% building 139/164 modules 25 active /app/deployment/frontend/node_modules/d3-interpolate/src/index.js
<s> [webpack.Progress] 40% building 139/165 modules 26 active /app/deployment/frontend/node_modules/d3-path/src/index.js
<s> [webpack.Progress] 40% building 139/166 modules 27 active /app/deployment/frontend/node_modules/d3-polygon/src/index.js
<s> [webpack.Progress] 40% building 139/167 modules 28 active /app/deployment/frontend/node_modules/d3-quadtree/src/index.js
<s> [webpack.Progress] 40% building 139/168 modules 29 active /app/deployment/frontend/node_modules/d3-random/src/index.js
<s> [webpack.Progress] 40% building 139/169 modules 30 active /app/deployment/frontend/node_modules/d3-scale/src/index.js
<s> [webpack.Progress] 40% building 139/170 modules 31 active /app/deployment/frontend/node_modules/d3-scale-chromatic/src/index.js
<s> [webpack.Progress] 40% building 139/171 modules 32 active /app/deployment/frontend/node_modules/d3-selection/src/index.js
<s> [webpack.Progress] 40% building 139/172 modules 33 active /app/deployment/frontend/node_modules/d3-shape/src/index.js
<s> [webpack.Progress] 40% building 139/173 modules 34 active /app/deployment/frontend/node_modules/d3-time/src/index.js
<s> [webpack.Progress] 40% building 139/174 modules 35 active /app/deployment/frontend/node_modules/d3-time-format/src/index.js
<s> [webpack.Progress] 40% building 139/175 modules 36 active /app/deployment/frontend/node_modules/d3-timer/src/index.js
<s> [webpack.Progress] 40% building 139/176 modules 37 active /app/deployment/frontend/node_modules/d3-transition/src/index.js
<s> [webpack.Progress] 40% building 139/177 modules 38 active /app/deployment/frontend/node_modules/d3-zoom/src/index.js
<s> [webpack.Progress] 40% building 140/177 modules 37 active /app/deployment/frontend/node_modules/d3-zoom/src/index.js
<s> [webpack.Progress] 40% building 141/177 modules 36 active /app/deployment/frontend/node_modules/d3-zoom/src/index.js
<s> [webpack.Progress] 40% building 142/177 modules 35 active /app/deployment/frontend/node_modules/d3-zoom/src/index.js
<s> [webpack.Progress] 40% building 143/177 modules 34 active /app/deployment/frontend/node_modules/d3-zoom/src/index.js
<s> [webpack.Progress] 40% building 144/177 modules 33 active /app/deployment/frontend/node_modules/d3-zoom/src/index.js
<s> [webpack.Progress] 40% building 145/177 modules 32 active /app/deployment/frontend/node_modules/d3-zoom/src/index.js
<s> [webpack.Progress] 40% building 146/177 modules 31 active /app/deployment/frontend/node_modules/d3-zoom/src/index.js
<s> [webpack.Progress] 40% building 147/177 modules 30 active /app/deployment/frontend/node_modules/d3-zoom/src/index.js
<s> [webpack.Progress] 40% building 147/178 modules 31 active /app/deployment/frontend/node_modules/core-js/internals/to-primitive.js
<s> [webpack.Progress] 40% building 147/179 modules 32 active /app/deployment/frontend/node_modules/core-js/internals/is-symbol.js
<s> [webpack.Progress] 40% building 147/180 modules 33 active /app/deployment/frontend/node_modules/core-js/internals/get-built-in.js
<s> [webpack.Progress] 40% building 147/181 modules 34 active /app/deployment/frontend/node_modules/core-js/internals/object-get-own-property-names.js
<s> [webpack.Progress] 40% building 147/182 modules 35 active /app/deployment/frontend/node_modules/core-js/internals/object-get-own-property-symbols.js
<s> [webpack.Progress] 40% building 147/183 modules 36 active /app/deployment/frontend/node_modules/core-js/internals/engine-user-agent.js
<s> [webpack.Progress] 40% building 147/184 modules 37 active /app/deployment/frontend/node_modules/core-js/internals/object-keys.js
<s> [webpack.Progress] 40% building 148/184 modules 36 active /app/deployment/frontend/node_modules/core-js/internals/object-keys.js
<s> [webpack.Progress] 40% building 149/184 modules 35 active /app/deployment/frontend/node_modules/core-js/internals/object-keys.js
<s> [webpack.Progress] 40% building 150/184 modules 34 active /app/deployment/frontend/node_modules/core-js/internals/object-keys.js
<s> [webpack.Progress] 40% building 151/184 modules 33 active /app/deployment/frontend/node_modules/core-js/internals/object-keys.js
<s> [webpack.Progress] 40% building 152/184 modules 32 active /app/deployment/frontend/node_modules/core-js/internals/object-keys.js
<s> [webpack.Progress] 40% building 153/184 modules 31 active /app/deployment/frontend/node_modules/core-js/internals/object-keys.js
<s> [webpack.Progress] 40% building 154/184 modules 30 active /app/deployment/frontend/node_modules/core-js/internals/object-keys.js
<s> [webpack.Progress] 40% building 155/184 modules 29 active /app/deployment/frontend/node_modules/core-js/internals/object-keys.js
<s> [webpack.Progress] 40% building 156/184 modules 28 active /app/deployment/frontend/node_modules/core-js/internals/object-keys.js
<s> [webpack.Progress] 40% building 157/184 modules 27 active /app/deployment/frontend/node_modules/core-js/internals/object-keys.js
<s> [webpack.Progress] 40% building 158/184 modules 26 active /app/deployment/frontend/node_modules/core-js/internals/object-keys.js
<s> [webpack.Progress] 40% building 159/184 modules 25 active /app/deployment/frontend/node_modules/core-js/internals/object-keys.js
<s> [webpack.Progress] 40% building 160/184 modules 24 active /app/deployment/frontend/node_modules/core-js/internals/object-keys.js
<s> [webpack.Progress] 40% building 161/184 modules 23 active /app/deployment/frontend/node_modules/core-js/internals/object-keys.js
<s> [webpack.Progress] 40% building 162/184 modules 22 active /app/deployment/frontend/node_modules/core-js/internals/object-keys.js
<s> [webpack.Progress] 40% building 163/184 modules 21 active /app/deployment/frontend/node_modules/core-js/internals/object-keys.js
<s> [webpack.Progress] 40% building 164/184 modules 20 active /app/deployment/frontend/node_modules/core-js/internals/object-keys.js
<s> [webpack.Progress] 40% building 165/184 modules 19 active /app/deployment/frontend/node_modules/core-js/internals/object-keys.js
<s> [webpack.Progress] 40% building 166/184 modules 18 active /app/deployment/frontend/node_modules/core-js/internals/object-keys.js
<s> [webpack.Progress] 40% building 167/184 modules 17 active /app/deployment/frontend/node_modules/core-js/internals/object-keys.js
<s> [webpack.Progress] 40% building 168/184 modules 16 active /app/deployment/frontend/node_modules/core-js/internals/object-keys.js
<s> [webpack.Progress] 40% building 169/184 modules 15 active /app/deployment/frontend/node_modules/core-js/internals/object-keys.js
<s> [webpack.Progress] 40% building 170/184 modules 14 active /app/deployment/frontend/node_modules/core-js/internals/object-keys.js
<s> [webpack.Progress] 40% building 171/184 modules 13 active /app/deployment/frontend/node_modules/core-js/internals/object-keys.js
<s> [webpack.Progress] 40% building 172/184 modules 12 active /app/deployment/frontend/node_modules/core-js/internals/object-keys.js
<s> [webpack.Progress] 40% building 173/184 modules 11 active /app/deployment/frontend/node_modules/core-js/internals/object-keys.js
<s> [webpack.Progress] 40% building 174/184 modules 10 active /app/deployment/frontend/node_modules/core-js/internals/object-keys.js
<s> [webpack.Progress] 40% building 175/184 modules 9 active /app/deployment/frontend/node_modules/core-js/internals/object-keys.js
<s> [webpack.Progress] 40% building 176/184 modules 8 active /app/deployment/frontend/node_modules/core-js/internals/object-keys.js
<s> [webpack.Progress] 40% building 177/184 modules 7 active /app/deployment/frontend/node_modules/core-js/internals/object-keys.js
<s> [webpack.Progress] 40% building 177/185 modules 8 active /app/deployment/frontend/node_modules/axios/lib/helpers/normalizeHeaderName.js
<s> [webpack.Progress] 40% building 177/186 modules 9 active /app/deployment/frontend/node_modules/d3-array/src/bisect.js
<s> [webpack.Progress] 40% building 177/187 modules 10 active /app/deployment/frontend/node_modules/d3-array/src/ascending.js
<s> [webpack.Progress] 40% building 177/188 modules 11 active /app/deployment/frontend/node_modules/d3-array/src/bisector.js
<s> [webpack.Progress] 40% building 177/189 modules 12 active /app/deployment/frontend/node_modules/d3-array/src/count.js
<s> [webpack.Progress] 40% building 177/190 modules 13 active /app/deployment/frontend/node_modules/d3-array/src/cross.js
<s> [webpack.Progress] 40% building 177/191 modules 14 active /app/deployment/frontend/node_modules/d3-array/src/cumsum.js
<s> [webpack.Progress] 40% building 177/192 modules 15 active /app/deployment/frontend/node_modules/d3-array/src/descending.js
<s> [webpack.Progress] 40% building 177/193 modules 16 active /app/deployment/frontend/node_modules/d3-array/src/deviation.js
<s> [webpack.Progress] 40% building 177/194 modules 17 active /app/deployment/frontend/node_modules/d3-array/src/extent.js
<s> [webpack.Progress] 40% building 177/195 modules 18 active /app/deployment/frontend/node_modules/d3-array/src/fsum.js
<s> [webpack.Progress] 40% building 177/196 modules 19 active /app/deployment/frontend/node_modules/d3-array/src/group.js
<s> [webpack.Progress] 40% building 177/197 modules 20 active /app/deployment/frontend/node_modules/d3-array/src/groupSort.js
<s> [webpack.Progress] 40% building 177/198 modules 21 active /app/deployment/frontend/node_modules/d3-array/src/bin.js
<s> [webpack.Progress] 40% building 177/199 modules 22 active /app/deployment/frontend/node_modules/d3-array/src/max.js
<s> [webpack.Progress] 40% building 177/200 modules 23 active /app/deployment/frontend/node_modules/d3-array/src/maxIndex.js
<s> [webpack.Progress] 40% building 177/201 modules 24 active /app/deployment/frontend/node_modules/d3-array/src/mean.js
<s> [webpack.Progress] 40% building 177/202 modules 25 active /app/deployment/frontend/node_modules/d3-array/src/median.js
<s> [webpack.Progress] 40% building 177/203 modules 26 active /app/deployment/frontend/node_modules/d3-array/src/merge.js
<s> [webpack.Progress] 40% building 177/204 modules 27 active /app/deployment/frontend/node_modules/d3-array/src/min.js
<s> [webpack.Progress] 40% building 177/205 modules 28 active /app/deployment/frontend/node_modules/d3-array/src/minIndex.js
<s> [webpack.Progress] 40% building 177/206 modules 29 active /app/deployment/frontend/node_modules/d3-array/src/mode.js
<s> [webpack.Progress] 40% building 177/207 modules 30 active /app/deployment/frontend/node_modules/d3-array/src/nice.js
<s> [webpack.Progress] 40% building 177/208 modules 31 active /app/deployment/frontend/node_modules/d3-array/src/pairs.js
<s> [webpack.Progress] 40% building 177/209 modules 32 active /app/deployment/frontend/node_modules/d3-array/src/permute.js
<s> [webpack.Progress] 40% building 177/210 modules 33 active /app/deployment/frontend/node_modules/d3-array/src/quantile.js
<s> [webpack.Progress] 40% building 177/211 modules 34 active /app/deployment/frontend/node_modules/d3-array/src/quickselect.js
<s> [webpack.Progress] 40% building 177/212 modules 35 active /app/deployment/frontend/node_modules/d3-array/src/range.js
<s> [webpack.Progress] 40% building 177/213 modules 36 active /app/deployment/frontend/node_modules/d3-array/src/least.js
<s> [webpack.Progress] 40% building 177/214 modules 37 active /app/deployment/frontend/node_modules/d3-array/src/leastIndex.js
<s> [webpack.Progress] 40% building 177/215 modules 38 active /app/deployment/frontend/node_modules/d3-array/src/greatest.js
<s> [webpack.Progress] 40% building 177/216 modules 39 active /app/deployment/frontend/node_modules/d3-array/src/greatestIndex.js
<s> [webpack.Progress] 40% building 177/217 modules 40 active /app/deployment/frontend/node_modules/d3-array/src/scan.js
<s> [webpack.Progress] 40% building 177/218 modules 41 active /app/deployment/frontend/node_modules/d3-array/src/shuffle.js
<s> [webpack.Progress] 40% building 177/219 modules 42 active /app/deployment/frontend/node_modules/d3-array/src/sum.js
<s> [webpack.Progress] 40% building 177/220 modules 43 active /app/deployment/frontend/node_modules/d3-array/src/ticks.js
<s> [webpack.Progress] 40% building 177/221 modules 44 active /app/deployment/frontend/node_modules/d3-array/src/transpose.js
<s> [webpack.Progress] 40% building 177/222 modules 45 active /app/deployment/frontend/node_modules/d3-array/src/variance.js
<s> [webpack.Progress] 40% building 177/223 modules 46 active /app/deployment/frontend/node_modules/d3-array/src/zip.js
<s> [webpack.Progress] 40% building 177/224 modules 47 active /app/deployment/frontend/node_modules/d3-array/src/every.js
<s> [webpack.Progress] 40% building 177/225 modules 48 active /app/deployment/frontend/node_modules/d3-array/src/some.js
<s> [webpack.Progress] 40% building 177/226 modules 49 active /app/deployment/frontend/node_modules/d3-array/src/filter.js
<s> [webpack.Progress] 40% building 177/227 modules 50 active /app/deployment/frontend/node_modules/d3-array/src/map.js
<s> [webpack.Progress] 40% building 177/228 modules 51 active /app/deployment/frontend/node_modules/d3-array/src/reduce.js
<s> [webpack.Progress] 40% building 177/229 modules 52 active /app/deployment/frontend/node_modules/d3-array/src/reverse.js
<s> [webpack.Progress] 40% building 177/230 modules 53 active /app/deployment/frontend/node_modules/d3-array/src/sort.js
<s> [webpack.Progress] 40% building 177/231 modules 54 active /app/deployment/frontend/node_modules/d3-array/src/difference.js
<s> [webpack.Progress] 40% building 177/232 modules 55 active /app/deployment/frontend/node_modules/d3-array/src/disjoint.js
<s> [webpack.Progress] 40% building 177/233 modules 56 active /app/deployment/frontend/node_modules/d3-array/src/intersection.js
<s> [webpack.Progress] 40% building 177/234 modules 57 active /app/deployment/frontend/node_modules/d3-array/src/subset.js
<s> [webpack.Progress] 40% building 177/235 modules 58 active /app/deployment/frontend/node_modules/d3-array/src/superset.js
<s> [webpack.Progress] 40% building 177/236 modules 59 active /app/deployment/frontend/node_modules/d3-array/src/union.js
<s> [webpack.Progress] 40% building 177/237 modules 60 active /app/deployment/frontend/node_modules/d3-axis/src/axis.js
<s> [webpack.Progress] 40% building 177/238 modules 61 active /app/deployment/frontend/node_modules/d3-brush/src/brush.js
<s> [webpack.Progress] 40% building 177/239 modules 62 active /app/deployment/frontend/node_modules/d3-color/src/color.js
<s> [webpack.Progress] 40% building 177/240 modules 63 active /app/deployment/frontend/node_modules/d3-color/src/lab.js
<s> [webpack.Progress] 40% building 177/241 modules 64 active /app/deployment/frontend/node_modules/d3-color/src/cubehelix.js
<s> [webpack.Progress] 40% building 177/242 modules 65 active /app/deployment/frontend/node_modules/d3-chord/src/chord.js
<s> [webpack.Progress] 40% building 177/243 modules 66 active /app/deployment/frontend/node_modules/d3-contour/src/contours.js
<s> [webpack.Progress] 40% building 177/244 modules 67 active /app/deployment/frontend/node_modules/d3-delaunay/src/delaunay.js
<s> [webpack.Progress] 40% building 177/245 modules 68 active /app/deployment/frontend/node_modules/d3-dispatch/src/dispatch.js
<s> [webpack.Progress] 40% building 177/246 modules 69 active /app/deployment/frontend/node_modules/d3-drag/src/drag.js
<s> [webpack.Progress] 40% building 177/247 modules 70 active /app/deployment/frontend/node_modules/d3-dsv/src/dsv.js
<s> [webpack.Progress] 40% building 177/248 modules 71 active /app/deployment/frontend/node_modules/d3-fetch/src/blob.js
<s> [webpack.Progress] 40% building 177/249 modules 72 active /app/deployment/frontend/node_modules/d3-ease/src/linear.js
<s> [webpack.Progress] 40% building 177/250 modules 73 active /app/deployment/frontend/node_modules/d3-force/src/center.js
<s> [webpack.Progress] 40% building 177/251 modules 74 active /app/deployment/frontend/node_modules/d3-format/src/defaultLocale.js
<s> [webpack.Progress] 40% building 177/252 modules 75 active /app/deployment/frontend/node_modules/d3-geo/src/area.js
<s> [webpack.Progress] 40% building 177/253 modules 76 active /app/deployment/frontend/node_modules/d3-interpolate/src/value.js
<s> [webpack.Progress] 40% building 177/254 modules 77 active /app/deployment/frontend/node_modules/d3-path/src/path.js
<s> [webpack.Progress] 40% building 177/255 modules 78 active /app/deployment/frontend/node_modules/d3-polygon/src/area.js
<s> [webpack.Progress] 40% building 177/256 modules 79 active /app/deployment/frontend/node_modules/d3-quadtree/src/quadtree.js
<s> [webpack.Progress] 40% building 177/257 modules 80 active /app/deployment/frontend/node_modules/d3-random/src/uniform.js
<s> [webpack.Progress] 40% building 177/258 modules 81 active /app/deployment/frontend/node_modules/d3-hierarchy/src/cluster.js
<s> [webpack.Progress] 40% building 177/259 modules 82 active /app/deployment/frontend/node_modules/d3-scale/src/band.js
<s> [webpack.Progress] 40% building 177/260 modules 83 active /app/deployment/frontend/node_modules/d3-selection/src/create.js
<s> [webpack.Progress] 40% building 177/261 modules 84 active /app/deployment/frontend/node_modules/d3-shape/src/arc.js
<s> [webpack.Progress] 40% building 177/262 modules 85 active /app/deployment/frontend/node_modules/d3-time/src/interval.js
<s> [webpack.Progress] 40% building 177/263 modules 86 active /app/deployment/frontend/node_modules/d3-time-format/src/defaultLocale.js
<s> [webpack.Progress] 40% building 177/264 modules 87 active /app/deployment/frontend/node_modules/d3-timer/src/timer.js
<s> [webpack.Progress] 40% building 177/265 modules 88 active /app/deployment/frontend/node_modules/d3-zoom/src/zoom.js
<s> [webpack.Progress] 40% building 178/265 modules 87 active /app/deployment/frontend/node_modules/d3-zoom/src/zoom.js
<s> [webpack.Progress] 40% building 179/265 modules 86 active /app/deployment/frontend/node_modules/d3-zoom/src/zoom.js
<s> [webpack.Progress] 40% building 180/265 modules 85 active /app/deployment/frontend/node_modules/d3-zoom/src/zoom.js
<s> [webpack.Progress] 40% building 181/265 modules 84 active /app/deployment/frontend/node_modules/d3-zoom/src/zoom.js
<s> [webpack.Progress] 40% building 182/265 modules 83 active /app/deployment/frontend/node_modules/d3-zoom/src/zoom.js
<s> [webpack.Progress] 40% building 183/265 modules 82 active /app/deployment/frontend/node_modules/d3-zoom/src/zoom.js
<s> [webpack.Progress] 40% building 184/265 modules 81 active /app/deployment/frontend/node_modules/d3-zoom/src/zoom.js
<s> [webpack.Progress] 40% building 184/266 modules 82 active /app/deployment/frontend/node_modules/axios/lib/helpers/buildURL.js
<s> [webpack.Progress] 40% building 184/267 modules 83 active /app/deployment/frontend/node_modules/axios/lib/core/InterceptorManager.js
<s> [webpack.Progress] 40% building 184/268 modules 84 active /app/deployment/frontend/node_modules/axios/lib/core/dispatchRequest.js
<s> [webpack.Progress] 40% building 184/269 modules 85 active /app/deployment/frontend/node_modules/axios/lib/adapters/xhr.js
<s> [webpack.Progress] 40% building 184/270 modules 86 active /app/deployment/frontend/node_modules/node-libs-browser/mock/process.js
<s> [webpack.Progress] 40% building 184/271 modules 87 active /app/deployment/frontend/node_modules/d3-array/src/threshold/scott.js
<s> [webpack.Progress] 40% building 184/272 modules 88 active /app/deployment/frontend/node_modules/d3-array/src/threshold/freedmanDiaconis.js
<s> [webpack.Progress] 40% building 184/273 modules 89 active /app/deployment/frontend/node_modules/d3-array/src/threshold/sturges.js
<s> [webpack.Progress] 40% building 184/274 modules 90 active /app/deployment/frontend/node_modules/d3-scale-chromatic/src/categorical/category10.js
<s> [webpack.Progress] 40% building 184/275 modules 91 active /app/deployment/frontend/node_modules/d3-transition/src/selection/index.js
<s> [webpack.Progress] 40% building 185/275 modules 90 active /app/deployment/frontend/node_modules/d3-transition/src/selection/index.js
<s> [webpack.Progress] 40% building 185/276 modules 91 active /app/deployment/frontend/node_modules/d3-zoom/src/transform.js
<s> [webpack.Progress] 40% building 185/277 modules 92 active /app/deployment/frontend/node_modules/d3-transition/src/active.js
<s> [webpack.Progress] 40% building 185/278 modules 93 active /app/deployment/frontend/node_modules/d3-transition/src/interrupt.js
<s> [webpack.Progress] 40% building 186/278 modules 92 active /app/deployment/frontend/node_modules/d3-transition/src/interrupt.js
<s> [webpack.Progress] 40% building 187/278 modules 91 active /app/deployment/frontend/node_modules/d3-transition/src/interrupt.js
<s> [webpack.Progress] 40% building 188/278 modules 90 active /app/deployment/frontend/node_modules/d3-transition/src/interrupt.js
<s> [webpack.Progress] 40% building 189/278 modules 89 active /app/deployment/frontend/node_modules/d3-transition/src/interrupt.js
<s> [webpack.Progress] 40% building 190/278 modules 88 active /app/deployment/frontend/node_modules/d3-transition/src/interrupt.js
<s> [webpack.Progress] 40% building 191/278 modules 87 active /app/deployment/frontend/node_modules/d3-transition/src/interrupt.js
<s> [webpack.Progress] 40% building 192/278 modules 86 active /app/deployment/frontend/node_modules/d3-transition/src/interrupt.js
<s> [webpack.Progress] 40% building 193/278 modules 85 active /app/deployment/frontend/node_modules/d3-transition/src/interrupt.js
<s> [webpack.Progress] 40% building 194/278 modules 84 active /app/deployment/frontend/node_modules/d3-transition/src/interrupt.js
<s> [webpack.Progress] 40% building 195/278 modules 83 active /app/deployment/frontend/node_modules/d3-transition/src/interrupt.js
<s> [webpack.Progress] 40% building 196/278 modules 82 active /app/deployment/frontend/node_modules/d3-transition/src/interrupt.js
<s> [webpack.Progress] 40% building 197/278 modules 81 active /app/deployment/frontend/node_modules/d3-transition/src/interrupt.js
<s> [webpack.Progress] 40% building 198/278 modules 80 active /app/deployment/frontend/node_modules/d3-transition/src/interrupt.js
<s> [webpack.Progress] 40% building 199/278 modules 79 active /app/deployment/frontend/node_modules/d3-transition/src/interrupt.js
<s> [webpack.Progress] 40% building 200/278 modules 78 active /app/deployment/frontend/node_modules/d3-transition/src/interrupt.js
<s> [webpack.Progress] 40% building 201/278 modules 77 active /app/deployment/frontend/node_modules/d3-transition/src/interrupt.js
<s> [webpack.Progress] 40% building 202/278 modules 76 active /app/deployment/frontend/node_modules/d3-transition/src/interrupt.js
<s> [webpack.Progress] 40% building 203/278 modules 75 active /app/deployment/frontend/node_modules/d3-transition/src/interrupt.js
<s> [webpack.Progress] 40% building 204/278 modules 74 active /app/deployment/frontend/node_modules/d3-transition/src/interrupt.js
<s> [webpack.Progress] 40% building 205/278 modules 73 active /app/deployment/frontend/node_modules/d3-transition/src/interrupt.js
<s> [webpack.Progress] 40% building 206/278 modules 72 active /app/deployment/frontend/node_modules/d3-transition/src/interrupt.js
<s> [webpack.Progress] 40% building 207/278 modules 71 active /app/deployment/frontend/node_modules/d3-transition/src/interrupt.js
<s> [webpack.Progress] 40% building 208/278 modules 70 active /app/deployment/frontend/node_modules/d3-transition/src/interrupt.js
<s> [webpack.Progress] 40% building 209/278 modules 69 active /app/deployment/frontend/node_modules/d3-transition/src/interrupt.js
<s> [webpack.Progress] 40% building 210/278 modules 68 active /app/deployment/frontend/node_modules/d3-transition/src/interrupt.js
<s> [webpack.Progress] 40% building 211/278 modules 67 active /app/deployment/frontend/node_modules/d3-transition/src/interrupt.js
<s> [webpack.Progress] 40% building 212/278 modules 66 active /app/deployment/frontend/node_modules/d3-transition/src/interrupt.js
<s> [webpack.Progress] 40% building 213/278 modules 65 active /app/deployment/frontend/node_modules/d3-transition/src/interrupt.js
<s> [webpack.Progress] 40% building 214/278 modules 64 active /app/deployment/frontend/node_modules/d3-transition/src/interrupt.js
<s> [webpack.Progress] 40% building 215/278 modules 63 active /app/deployment/frontend/node_modules/d3-transition/src/interrupt.js
<s> [webpack.Progress] 40% building 216/278 modules 62 active /app/deployment/frontend/node_modules/d3-transition/src/interrupt.js
<s> [webpack.Progress] 40% building 217/278 modules 61 active /app/deployment/frontend/node_modules/d3-transition/src/interrupt.js
<s> [webpack.Progress] 40% building 218/278 modules 60 active /app/deployment/frontend/node_modules/d3-transition/src/interrupt.js
<s> [webpack.Progress] 40% building 219/278 modules 59 active /app/deployment/frontend/node_modules/d3-transition/src/interrupt.js
<s> [webpack.Progress] 40% building 220/278 modules 58 active /app/deployment/frontend/node_modules/d3-transition/src/interrupt.js
<s> [webpack.Progress] 40% building 221/278 modules 57 active /app/deployment/frontend/node_modules/d3-transition/src/interrupt.js
<s> [webpack.Progress] 40% building 222/278 modules 56 active /app/deployment/frontend/node_modules/d3-transition/src/interrupt.js
<s> [webpack.Progress] 40% building 223/278 modules 55 active /app/deployment/frontend/node_modules/d3-transition/src/interrupt.js
<s> [webpack.Progress] 40% building 224/278 modules 54 active /app/deployment/frontend/node_modules/d3-transition/src/interrupt.js
<s> [webpack.Progress] 40% building 225/278 modules 53 active /app/deployment/frontend/node_modules/d3-transition/src/interrupt.js
<s> [webpack.Progress] 40% building 226/278 modules 52 active /app/deployment/frontend/node_modules/d3-transition/src/interrupt.js
<s> [webpack.Progress] 40% building 227/278 modules 51 active /app/deployment/frontend/node_modules/d3-transition/src/interrupt.js
<s> [webpack.Progress] 40% building 228/278 modules 50 active /app/deployment/frontend/node_modules/d3-transition/src/interrupt.js
<s> [webpack.Progress] 40% building 229/278 modules 49 active /app/deployment/frontend/node_modules/d3-transition/src/interrupt.js
<s> [webpack.Progress] 40% building 230/278 modules 48 active /app/deployment/frontend/node_modules/d3-transition/src/interrupt.js
<s> [webpack.Progress] 40% building 231/278 modules 47 active /app/deployment/frontend/node_modules/d3-transition/src/interrupt.js
<s> [webpack.Progress] 40% building 232/278 modules 46 active /app/deployment/frontend/node_modules/d3-transition/src/interrupt.js
<s> [webpack.Progress] 40% building 233/278 modules 45 active /app/deployment/frontend/node_modules/d3-transition/src/interrupt.js
<s> [webpack.Progress] 40% building 234/278 modules 44 active /app/deployment/frontend/node_modules/d3-transition/src/interrupt.js
<s> [webpack.Progress] 40% building 235/278 modules 43 active /app/deployment/frontend/node_modules/d3-transition/src/interrupt.js
<s> [webpack.Progress] 40% building 236/278 modules 42 active /app/deployment/frontend/node_modules/d3-transition/src/interrupt.js
<s> [webpack.Progress] 40% building 237/278 modules 41 active /app/deployment/frontend/node_modules/d3-transition/src/interrupt.js
<s> [webpack.Progress] 40% building 238/278 modules 40 active /app/deployment/frontend/node_modules/d3-transition/src/interrupt.js
<s> [webpack.Progress] 40% building 239/278 modules 39 active /app/deployment/frontend/node_modules/d3-transition/src/interrupt.js
<s> [webpack.Progress] 40% building 240/278 modules 38 active /app/deployment/frontend/node_modules/d3-transition/src/interrupt.js
<s> [webpack.Progress] 40% building 241/278 modules 37 active /app/deployment/frontend/node_modules/d3-transition/src/interrupt.js
<s> [webpack.Progress] 40% building 242/278 modules 36 active /app/deployment/frontend/node_modules/d3-transition/src/interrupt.js
<s> [webpack.Progress] 40% building 243/278 modules 35 active /app/deployment/frontend/node_modules/d3-transition/src/interrupt.js
<s> [webpack.Progress] 40% building 244/278 modules 34 active /app/deployment/frontend/node_modules/d3-transition/src/interrupt.js
<s> [webpack.Progress] 40% building 245/278 modules 33 active /app/deployment/frontend/node_modules/d3-transition/src/interrupt.js
<s> [webpack.Progress] 40% building 246/278 modules 32 active /app/deployment/frontend/node_modules/d3-transition/src/interrupt.js
<s> [webpack.Progress] 40% building 247/278 modules 31 active /app/deployment/frontend/node_modules/d3-transition/src/interrupt.js
<s> [webpack.Progress] 40% building 248/278 modules 30 active /app/deployment/frontend/node_modules/d3-transition/src/interrupt.js
<s> [webpack.Progress] 40% building 249/278 modules 29 active /app/deployment/frontend/node_modules/d3-transition/src/interrupt.js
<s> [webpack.Progress] 40% building 250/278 modules 28 active /app/deployment/frontend/node_modules/d3-transition/src/interrupt.js
<s> [webpack.Progress] 40% building 251/278 modules 27 active /app/deployment/frontend/node_modules/d3-transition/src/interrupt.js
<s> [webpack.Progress] 40% building 252/278 modules 26 active /app/deployment/frontend/node_modules/d3-transition/src/interrupt.js
<s> [webpack.Progress] 40% building 253/278 modules 25 active /app/deployment/frontend/node_modules/d3-transition/src/interrupt.js
<s> [webpack.Progress] 40% building 254/278 modules 24 active /app/deployment/frontend/node_modules/d3-transition/src/interrupt.js
<s> [webpack.Progress] 40% building 255/278 modules 23 active /app/deployment/frontend/node_modules/d3-transition/src/interrupt.js
<s> [webpack.Progress] 40% building 256/278 modules 22 active /app/deployment/frontend/node_modules/d3-transition/src/interrupt.js
<s> [webpack.Progress] 40% building 257/278 modules 21 active /app/deployment/frontend/node_modules/d3-transition/src/interrupt.js
<s> [webpack.Progress] 40% building 258/278 modules 20 active /app/deployment/frontend/node_modules/d3-transition/src/interrupt.js
<s> [webpack.Progress] 41% building 259/278 modules 19 active /app/deployment/frontend/node_modules/d3-transition/src/interrupt.js
<s> [webpack.Progress] 41% building 260/278 modules 18 active /app/deployment/frontend/node_modules/d3-transition/src/interrupt.js
<s> [webpack.Progress] 41% building 261/278 modules 17 active /app/deployment/frontend/node_modules/d3-transition/src/interrupt.js
<s> [webpack.Progress] 41% building 262/278 modules 16 active /app/deployment/frontend/node_modules/d3-transition/src/interrupt.js
<s> [webpack.Progress] 41% building 263/278 modules 15 active /app/deployment/frontend/node_modules/d3-transition/src/interrupt.js
<s> [webpack.Progress] 41% building 264/278 modules 14 active /app/deployment/frontend/node_modules/d3-transition/src/interrupt.js
<s> [webpack.Progress] 41% building 265/278 modules 13 active /app/deployment/frontend/node_modules/d3-transition/src/interrupt.js
<s> [webpack.Progress] 41% building 265/279 modules 14 active /app/deployment/frontend/node_modules/d3-timer/src/interval.js
<s> [webpack.Progress] 41% building 266/279 modules 13 active /app/deployment/frontend/node_modules/d3-timer/src/interval.js
<s> [webpack.Progress] 42% building 267/279 modules 12 active /app/deployment/frontend/node_modules/d3-timer/src/interval.js
<s> [webpack.Progress] 42% building 268/279 modules 11 active /app/deployment/frontend/node_modules/d3-timer/src/interval.js
<s> [webpack.Progress] 42% building 269/279 modules 10 active /app/deployment/frontend/node_modules/d3-timer/src/interval.js
<s> [webpack.Progress] 42% building 269/280 modules 11 active /app/deployment/frontend/node_modules/d3-transition/src/transition/index.js
<s> [webpack.Progress] 42% building 270/280 modules 10 active /app/deployment/frontend/node_modules/d3-transition/src/transition/index.js
<s> [webpack.Progress] 42% building 271/280 modules 9 active /app/deployment/frontend/node_modules/d3-transition/src/transition/index.js
<s> [webpack.Progress] 42% building 272/280 modules 8 active /app/deployment/frontend/node_modules/d3-transition/src/transition/index.js
<s> [webpack.Progress] 42% building 273/280 modules 7 active /app/deployment/frontend/node_modules/d3-transition/src/transition/index.js
<s> [webpack.Progress] 42% building 274/280 modules 6 active /app/deployment/frontend/node_modules/d3-transition/src/transition/index.js
<s> [webpack.Progress] 43% building 275/280 modules 5 active /app/deployment/frontend/node_modules/d3-transition/src/transition/index.js
<s> [webpack.Progress] 43% building 275/281 modules 6 active /app/deployment/frontend/node_modules/d3-timer/src/timeout.js
<s> [webpack.Progress] 43% building 275/282 modules 7 active /app/deployment/frontend/node_modules/d3-time-format/src/isoParse.js
<s> [webpack.Progress] 43% building 275/283 modules 8 active /app/deployment/frontend/node_modules/d3-time-format/src/isoFormat.js
<s> [webpack.Progress] 43% building 275/284 modules 9 active /app/deployment/frontend/node_modules/d3-time-format/src/locale.js
<s> [webpack.Progress] 43% building 275/285 modules 10 active /app/deployment/frontend/node_modules/d3-time/src/ticks.js
<s> [webpack.Progress] 43% building 275/286 modules 11 active /app/deployment/frontend/node_modules/d3-time/src/utcYear.js
<s> [webpack.Progress] 43% building 275/287 modules 12 active /app/deployment/frontend/node_modules/d3-time/src/utcMonth.js
<s> [webpack.Progress] 43% building 275/288 modules 13 active /app/deployment/frontend/node_modules/d3-time/src/utcWeek.js
<s> [webpack.Progress] 43% building 275/289 modules 14 active /app/deployment/frontend/node_modules/d3-time/src/utcDay.js
<s> [webpack.Progress] 43% building 275/290 modules 15 active /app/deployment/frontend/node_modules/d3-array/src/number.js
<s> [webpack.Progress] 43% building 275/291 modules 16 active /app/deployment/frontend/node_modules/d3-array/src/identity.js
<s> [webpack.Progress] 43% building 275/292 modules 17 active /app/deployment/frontend/node_modules/d3-time/src/utcHour.js
<s> [webpack.Progress] 43% building 275/293 modules 18 active /app/deployment/frontend/node_modules/d3-array/src/array.js
<s> [webpack.Progress] 43% building 275/294 modules 19 active /app/deployment/frontend/node_modules/d3-array/src/constant.js
<s> [webpack.Progress] 43% building 275/295 modules 20 active /app/deployment/frontend/node_modules/d3-time/src/utcMinute.js
<s> [webpack.Progress] 43% building 275/296 modules 21 active /app/deployment/frontend/node_modules/d3-time/src/year.js
<s> [webpack.Progress] 43% building 275/297 modules 22 active /app/deployment/frontend/node_modules/d3-time/src/month.js
<s> [webpack.Progress] 43% building 275/298 modules 23 active /app/deployment/frontend/node_modules/d3-time/src/week.js
<s> [webpack.Progress] 43% building 275/299 modules 24 active /app/deployment/frontend/node_modules/d3-time/src/day.js
<s> [webpack.Progress] 43% building 275/300 modules 25 active /app/deployment/frontend/node_modules/d3-time/src/hour.js
<s> [webpack.Progress] 43% building 275/301 modules 26 active /app/deployment/frontend/node_modules/d3-time/src/minute.js
<s> [webpack.Progress] 43% building 275/302 modules 27 active /app/deployment/frontend/node_modules/d3-time/src/second.js
<s> [webpack.Progress] 43% building 275/303 modules 28 active /app/deployment/frontend/node_modules/d3-time/src/millisecond.js
<s> [webpack.Progress] 43% building 275/304 modules 29 active /app/deployment/frontend/node_modules/d3-shape/src/stack.js
<s> [webpack.Progress] 43% building 275/305 modules 30 active /app/deployment/frontend/node_modules/d3-array/src/set.js
<s> [webpack.Progress] 43% building 275/306 modules 31 active /app/deployment/frontend/node_modules/d3-axis/src/identity.js
<s> [webpack.Progress] 43% building 275/307 modules 32 active /app/deployment/frontend/node_modules/d3-color/src/define.js
<s> [webpack.Progress] 43% building 275/308 modules 33 active /app/deployment/frontend/node_modules/d3-chord/src/math.js
<s> [webpack.Progress] 43% building 275/309 modules 34 active /app/deployment/frontend/node_modules/d3-color/src/math.js
<s> [webpack.Progress] 43% building 275/310 modules 35 active /app/deployment/frontend/node_modules/d3-delaunay/src/voronoi.js
<s> [webpack.Progress] 43% building 275/311 modules 36 active /app/deployment/frontend/node_modules/d3-drag/src/event.js
<s> [webpack.Progress] 43% building 275/312 modules 37 active /app/deployment/frontend/node_modules/d3-drag/src/constant.js
<s> [webpack.Progress] 43% building 275/313 modules 38 active /app/deployment/frontend/node_modules/d3-drag/src/noevent.js
<s> [webpack.Progress] 43% building 275/314 modules 39 active /app/deployment/frontend/node_modules/d3-drag/src/nodrag.js
<s> [webpack.Progress] 43% building 275/315 modules 40 active /app/deployment/frontend/node_modules/d3-geo/src/stream.js
<s> [webpack.Progress] 43% building 275/316 modules 41 active /app/deployment/frontend/node_modules/d3-geo/src/noop.js
<s> [webpack.Progress] 43% building 275/317 modules 42 active /app/deployment/frontend/node_modules/d3-quadtree/src/add.js
<s> [webpack.Progress] 43% building 275/318 modules 43 active /app/deployment/frontend/node_modules/d3-quadtree/src/y.js
<s> [webpack.Progress] 43% building 275/319 modules 44 active /app/deployment/frontend/node_modules/d3-random/src/defaultSource.js
<s> [webpack.Progress] 43% building 275/320 modules 45 active /app/deployment/frontend/node_modules/d3-format/src/locale.js
<s> [webpack.Progress] 43% building 275/321 modules 46 active /app/deployment/frontend/node_modules/d3-quadtree/src/x.js
<s> [webpack.Progress] 43% building 275/322 modules 47 active /app/deployment/frontend/node_modules/d3-selection/src/creator.js
<s> [webpack.Progress] 43% building 275/323 modules 48 active /app/deployment/frontend/node_modules/d3-selection/src/select.js
<s> [webpack.Progress] 43% building 275/324 modules 49 active /app/deployment/frontend/node_modules/d3-scale/src/ordinal.js
<s> [webpack.Progress] 43% building 276/324 modules 48 active /app/deployment/frontend/node_modules/d3-scale/src/ordinal.js
<s> [webpack.Progress] 43% building 276/325 modules 49 active /app/deployment/frontend/node_modules/core-js/internals/ordinary-to-primitive.js
<s> [webpack.Progress] 43% building 277/325 modules 48 active /app/deployment/frontend/node_modules/core-js/internals/ordinary-to-primitive.js
<s> [webpack.Progress] 43% building 278/325 modules 47 active /app/deployment/frontend/node_modules/core-js/internals/ordinary-to-primitive.js
<s> [webpack.Progress] 43% building 278/326 modules 48 active /app/deployment/frontend/node_modules/core-js/internals/object-keys-internal.js
<s> [webpack.Progress] 43% building 278/327 modules 49 active /app/deployment/frontend/node_modules/d3-zoom/src/noevent.js
<s> [webpack.Progress] 43% building 278/328 modules 50 active /app/deployment/frontend/node_modules/d3-zoom/src/event.js
<s> [webpack.Progress] 43% building 278/329 modules 51 active /app/deployment/frontend/node_modules/d3-zoom/src/constant.js
<s> [webpack.Progress] 43% building 278/330 modules 52 active /app/deployment/frontend/node_modules/d3-shape/src/constant.js
<s> [webpack.Progress] 43% building 278/331 modules 53 active /app/deployment/frontend/node_modules/d3-shape/src/math.js
<s> [webpack.Progress] 43% building 278/332 modules 54 active /app/deployment/frontend/node_modules/d3-scale/src/init.js
<s> [webpack.Progress] 43% building 278/333 modules 55 active /app/deployment/frontend/node_modules/d3-quadtree/src/visitAfter.js
<s> [webpack.Progress] 43% building 278/334 modules 56 active /app/deployment/frontend/node_modules/d3-quadtree/src/visit.js
<s> [webpack.Progress] 43% building 278/335 modules 57 active /app/deployment/frontend/node_modules/d3-quadtree/src/size.js
<s> [webpack.Progress] 43% building 278/336 modules 58 active /app/deployment/frontend/node_modules/d3-quadtree/src/root.js
<s> [webpack.Progress] 43% building 279/336 modules 57 active /app/deployment/frontend/node_modules/d3-quadtree/src/root.js
<s> [webpack.Progress] 43% building 279/337 modules 58 active /app/deployment/frontend/node_modules/d3-shape/src/order/reverse.js
<s> [webpack.Progress] 43% building 279/338 modules 59 active /app/deployment/frontend/node_modules/d3-shape/src/order/none.js
<s> [webpack.Progress] 43% building 279/339 modules 60 active /app/deployment/frontend/node_modules/d3-shape/src/order/insideOut.js
<s> [webpack.Progress] 43% building 279/340 modules 61 active /app/deployment/frontend/node_modules/d3-shape/src/order/descending.js
<s> [webpack.Progress] 43% building 279/341 modules 62 active /app/deployment/frontend/node_modules/d3-shape/src/order/ascending.js
<s> [webpack.Progress] 43% building 279/342 modules 63 active /app/deployment/frontend/node_modules/d3-shape/src/order/appearance.js
<s> [webpack.Progress] 43% building 279/343 modules 64 active /app/deployment/frontend/node_modules/d3-shape/src/offset/wiggle.js
<s> [webpack.Progress] 43% building 279/344 modules 65 active /app/deployment/frontend/node_modules/d3-shape/src/offset/silhouette.js
<s> [webpack.Progress] 43% building 279/345 modules 66 active /app/deployment/frontend/node_modules/d3-shape/src/offset/none.js
<s> [webpack.Progress] 43% building 279/346 modules 67 active /app/deployment/frontend/node_modules/d3-shape/src/offset/diverging.js
<s> [webpack.Progress] 43% building 279/347 modules 68 active /app/deployment/frontend/node_modules/d3-shape/src/offset/expand.js
<s> [webpack.Progress] 43% building 279/348 modules 69 active /app/deployment/frontend/node_modules/d3-shape/src/curve/step.js
<s> [webpack.Progress] 43% building 279/349 modules 70 active /app/deployment/frontend/node_modules/d3-shape/src/curve/natural.js
<s> [webpack.Progress] 43% building 279/350 modules 71 active /app/deployment/frontend/node_modules/d3-shape/src/curve/monotone.js
<s> [webpack.Progress] 43% building 279/351 modules 72 active /app/deployment/frontend/node_modules/d3-shape/src/curve/linear.js
<s> [webpack.Progress] 43% building 279/352 modules 73 active /app/deployment/frontend/node_modules/d3-shape/src/curve/linearClosed.js
<s> [webpack.Progress] 43% building 279/353 modules 74 active /app/deployment/frontend/node_modules/d3-shape/src/curve/catmullRom.js
<s> [webpack.Progress] 43% building 279/354 modules 75 active /app/deployment/frontend/node_modules/d3-shape/src/curve/catmullRomOpen.js
<s> [webpack.Progress] 43% building 279/355 modules 76 active /app/deployment/frontend/node_modules/d3-shape/src/curve/catmullRomClosed.js
<s> [webpack.Progress] 43% building 279/356 modules 77 active /app/deployment/frontend/node_modules/d3-shape/src/curve/cardinal.js
<s> [webpack.Progress] 43% building 279/357 modules 78 active /app/deployment/frontend/node_modules/d3-shape/src/curve/cardinalOpen.js
<s> [webpack.Progress] 43% building 279/358 modules 79 active /app/deployment/frontend/node_modules/d3-scale-chromatic/src/colors.js
<s> [webpack.Progress] 43% building 280/358 modules 78 active /app/deployment/frontend/node_modules/d3-scale-chromatic/src/colors.js
<s> [webpack.Progress] 43% building 280/359 modules 79 active /app/deployment/frontend/node_modules/d3-transition/src/selection/transition.js
<s> [webpack.Progress] 43% building 280/360 modules 80 active /app/deployment/frontend/node_modules/d3-transition/src/selection/interrupt.js
<s> [webpack.Progress] 43% building 280/361 modules 81 active /app/deployment/frontend/node_modules/d3-quadtree/src/remove.js
<s> [webpack.Progress] 43% building 280/362 modules 82 active /app/deployment/frontend/node_modules/d3-quadtree/src/find.js
<s> [webpack.Progress] 43% building 281/362 modules 81 active /app/deployment/frontend/node_modules/d3-quadtree/src/find.js
<s> [webpack.Progress] 43% building 281/363 modules 82 active /app/deployment/frontend/node_modules/d3-quadtree/src/extent.js
<s> [webpack.Progress] 43% building 281/364 modules 83 active /app/deployment/frontend/node_modules/d3-transition/src/transition/schedule.js
<s> [webpack.Progress] 43% building 281/365 modules 84 active /app/deployment/frontend/node_modules/d3-quadtree/src/data.js
<s> [webpack.Progress] 43% building 282/365 modules 83 active /app/deployment/frontend/node_modules/d3-quadtree/src/data.js
<s> [webpack.Progress] 43% building 283/365 modules 82 active /app/deployment/frontend/node_modules/d3-quadtree/src/data.js
<s> [webpack.Progress] 44% building 284/365 modules 81 active /app/deployment/frontend/node_modules/d3-quadtree/src/data.js
<s> [webpack.Progress] 44% building 285/365 modules 80 active /app/deployment/frontend/node_modules/d3-quadtree/src/data.js
<s> [webpack.Progress] 44% building 286/365 modules 79 active /app/deployment/frontend/node_modules/d3-quadtree/src/data.js
<s> [webpack.Progress] 44% building 287/365 modules 78 active /app/deployment/frontend/node_modules/d3-quadtree/src/data.js
<s> [webpack.Progress] 44% building 288/365 modules 77 active /app/deployment/frontend/node_modules/d3-quadtree/src/data.js
<s> [webpack.Progress] 44% building 289/365 modules 76 active /app/deployment/frontend/node_modules/d3-quadtree/src/data.js
<s> [webpack.Progress] 44% building 290/365 modules 75 active /app/deployment/frontend/node_modules/d3-quadtree/src/data.js
<s> [webpack.Progress] 44% building 291/365 modules 74 active /app/deployment/frontend/node_modules/d3-quadtree/src/data.js
<s> [webpack.Progress] 45% building 292/365 modules 73 active /app/deployment/frontend/node_modules/d3-quadtree/src/data.js
<s> [webpack.Progress] 45% building 293/365 modules 72 active /app/deployment/frontend/node_modules/d3-quadtree/src/data.js
<s> [webpack.Progress] 45% building 294/365 modules 71 active /app/deployment/frontend/node_modules/d3-quadtree/src/data.js
<s> [webpack.Progress] 45% building 295/365 modules 70 active /app/deployment/frontend/node_modules/d3-quadtree/src/data.js
<s> [webpack.Progress] 45% building 296/365 modules 69 active /app/deployment/frontend/node_modules/d3-quadtree/src/data.js
<s> [webpack.Progress] 45% building 297/365 modules 68 active /app/deployment/frontend/node_modules/d3-quadtree/src/data.js
<s> [webpack.Progress] 45% building 298/365 modules 67 active /app/deployment/frontend/node_modules/d3-quadtree/src/data.js
<s> [webpack.Progress] 45% building 299/365 modules 66 active /app/deployment/frontend/node_modules/d3-quadtree/src/data.js
<s> [webpack.Progress] 46% building 300/365 modules 65 active /app/deployment/frontend/node_modules/d3-quadtree/src/data.js
<s> [webpack.Progress] 46% building 301/365 modules 64 active /app/deployment/frontend/node_modules/d3-quadtree/src/data.js
<s> [webpack.Progress] 46% building 302/365 modules 63 active /app/deployment/frontend/node_modules/d3-quadtree/src/data.js
<s> [webpack.Progress] 46% building 303/365 modules 62 active /app/deployment/frontend/node_modules/d3-quadtree/src/data.js
<s> [webpack.Progress] 46% building 304/365 modules 61 active /app/deployment/frontend/node_modules/d3-quadtree/src/data.js
<s> [webpack.Progress] 46% building 305/365 modules 60 active /app/deployment/frontend/node_modules/d3-quadtree/src/data.js
<s> [webpack.Progress] 46% building 306/365 modules 59 active /app/deployment/frontend/node_modules/d3-quadtree/src/data.js
<s> [webpack.Progress] 46% building 307/365 modules 58 active /app/deployment/frontend/node_modules/d3-quadtree/src/data.js
<s> [webpack.Progress] 46% building 308/365 modules 57 active /app/deployment/frontend/node_modules/d3-quadtree/src/data.js
<s> [webpack.Progress] 47% building 309/365 modules 56 active /app/deployment/frontend/node_modules/d3-quadtree/src/data.js
<s> [webpack.Progress] 47% building 310/365 modules 55 active /app/deployment/frontend/node_modules/d3-quadtree/src/data.js
<s> [webpack.Progress] 47% building 311/365 modules 54 active /app/deployment/frontend/node_modules/d3-quadtree/src/data.js
<s> [webpack.Progress] 47% building 312/365 modules 53 active /app/deployment/frontend/node_modules/d3-quadtree/src/data.js
<s> [webpack.Progress] 47% building 313/365 modules 52 active /app/deployment/frontend/node_modules/d3-quadtree/src/data.js
<s> [webpack.Progress] 47% building 314/365 modules 51 active /app/deployment/frontend/node_modules/d3-quadtree/src/data.js
<s> [webpack.Progress] 47% building 315/365 modules 50 active /app/deployment/frontend/node_modules/d3-quadtree/src/data.js
<s> [webpack.Progress] 47% building 316/365 modules 49 active /app/deployment/frontend/node_modules/d3-quadtree/src/data.js
<s> [webpack.Progress] 48% building 317/365 modules 48 active /app/deployment/frontend/node_modules/d3-quadtree/src/data.js
<s> [webpack.Progress] 48% building 318/365 modules 47 active /app/deployment/frontend/node_modules/d3-quadtree/src/data.js
<s> [webpack.Progress] 48% building 319/365 modules 46 active /app/deployment/frontend/node_modules/d3-quadtree/src/data.js
<s> [webpack.Progress] 48% building 320/365 modules 45 active /app/deployment/frontend/node_modules/d3-quadtree/src/data.js
<s> [webpack.Progress] 48% building 321/365 modules 44 active /app/deployment/frontend/node_modules/d3-quadtree/src/data.js
<s> [webpack.Progress] 48% building 322/365 modules 43 active /app/deployment/frontend/node_modules/d3-quadtree/src/data.js
<s> [webpack.Progress] 48% building 323/365 modules 42 active /app/deployment/frontend/node_modules/d3-quadtree/src/data.js
<s> [webpack.Progress] 48% building 324/365 modules 41 active /app/deployment/frontend/node_modules/d3-quadtree/src/data.js
<s> [webpack.Progress] 49% building 325/365 modules 40 active /app/deployment/frontend/node_modules/d3-quadtree/src/data.js
<s> [webpack.Progress] 49% building 326/365 modules 39 active /app/deployment/frontend/node_modules/d3-quadtree/src/data.js
<s> [webpack.Progress] 49% building 326/366 modules 40 active /app/deployment/frontend/node_modules/d3-quadtree/src/cover.js
<s> [webpack.Progress] 49% building 327/366 modules 39 active /app/deployment/frontend/node_modules/d3-quadtree/src/cover.js
<s> [webpack.Progress] 49% building 328/366 modules 38 active /app/deployment/frontend/node_modules/d3-quadtree/src/cover.js
<s> [webpack.Progress] 49% building 329/366 modules 37 active /app/deployment/frontend/node_modules/d3-quadtree/src/cover.js
<s> [webpack.Progress] 49% building 330/366 modules 36 active /app/deployment/frontend/node_modules/d3-quadtree/src/cover.js
<s> [webpack.Progress] 49% building 331/366 modules 35 active /app/deployment/frontend/node_modules/d3-quadtree/src/cover.js
<s> [webpack.Progress] 49% building 331/367 modules 36 active /app/deployment/frontend/node_modules/axios/lib/core/transformData.js
<s> [webpack.Progress] 49% building 332/367 modules 35 active /app/deployment/frontend/node_modules/axios/lib/core/transformData.js
<s> [webpack.Progress] 49% building 333/367 modules 34 active /app/deployment/frontend/node_modules/axios/lib/core/transformData.js
<s> [webpack.Progress] 50% building 334/367 modules 33 active /app/deployment/frontend/node_modules/axios/lib/core/transformData.js
<s> [webpack.Progress] 50% building 335/367 modules 32 active /app/deployment/frontend/node_modules/axios/lib/core/transformData.js
<s> [webpack.Progress] 50% building 336/367 modules 31 active /app/deployment/frontend/node_modules/axios/lib/core/transformData.js
<s> [webpack.Progress] 50% building 336/368 modules 32 active /app/deployment/frontend/node_modules/axios/lib/core/createError.js
<s> [webpack.Progress] 50% building 337/368 modules 31 active /app/deployment/frontend/node_modules/axios/lib/core/createError.js
<s> [webpack.Progress] 50% building 338/368 modules 30 active /app/deployment/frontend/node_modules/axios/lib/core/createError.js
<s> [webpack.Progress] 50% building 339/368 modules 29 active /app/deployment/frontend/node_modules/axios/lib/core/createError.js
<s> [webpack.Progress] 50% building 340/368 modules 28 active /app/deployment/frontend/node_modules/axios/lib/core/createError.js
<s> [webpack.Progress] 50% building 341/368 modules 27 active /app/deployment/frontend/node_modules/axios/lib/core/createError.js
<s> [webpack.Progress] 51% building 342/368 modules 26 active /app/deployment/frontend/node_modules/axios/lib/core/createError.js
<s> [webpack.Progress] 51% building 342/369 modules 27 active /app/deployment/frontend/node_modules/axios/lib/helpers/isURLSameOrigin.js
<s> [webpack.Progress] 51% building 342/370 modules 28 active /app/deployment/frontend/node_modules/axios/lib/helpers/parseHeaders.js
<s> [webpack.Progress] 51% building 343/370 modules 27 active /app/deployment/frontend/node_modules/axios/lib/helpers/parseHeaders.js
<s> [webpack.Progress] 51% building 343/371 modules 28 active /app/deployment/frontend/node_modules/axios/lib/core/buildFullPath.js
<s> [webpack.Progress] 51% building 344/371 modules 27 active /app/deployment/frontend/node_modules/axios/lib/core/buildFullPath.js
<s> [webpack.Progress] 51% building 345/371 modules 26 active /app/deployment/frontend/node_modules/axios/lib/core/buildFullPath.js
<s> [webpack.Progress] 51% building 346/371 modules 25 active /app/deployment/frontend/node_modules/axios/lib/core/buildFullPath.js
<s> [webpack.Progress] 51% building 347/371 modules 24 active /app/deployment/frontend/node_modules/axios/lib/core/buildFullPath.js
<s> [webpack.Progress] 51% building 348/371 modules 23 active /app/deployment/frontend/node_modules/axios/lib/core/buildFullPath.js
<s> [webpack.Progress] 51% building 349/371 modules 22 active /app/deployment/frontend/node_modules/axios/lib/core/buildFullPath.js
<s> [webpack.Progress] 52% building 350/371 modules 21 active /app/deployment/frontend/node_modules/axios/lib/core/buildFullPath.js
<s> [webpack.Progress] 52% building 351/371 modules 20 active /app/deployment/frontend/node_modules/axios/lib/core/buildFullPath.js
<s> [webpack.Progress] 52% building 352/371 modules 19 active /app/deployment/frontend/node_modules/axios/lib/core/buildFullPath.js
<s> [webpack.Progress] 52% building 353/371 modules 18 active /app/deployment/frontend/node_modules/axios/lib/core/buildFullPath.js
<s> [webpack.Progress] 52% building 354/371 modules 17 active /app/deployment/frontend/node_modules/axios/lib/core/buildFullPath.js
<s> [webpack.Progress] 52% building 355/371 modules 16 active /app/deployment/frontend/node_modules/axios/lib/core/buildFullPath.js
<s> [webpack.Progress] 52% building 356/371 modules 15 active /app/deployment/frontend/node_modules/axios/lib/core/buildFullPath.js
<s> [webpack.Progress] 52% building 357/371 modules 14 active /app/deployment/frontend/node_modules/axios/lib/core/buildFullPath.js
<s> [webpack.Progress] 52% building 358/371 modules 13 active /app/deployment/frontend/node_modules/axios/lib/core/buildFullPath.js
<s> [webpack.Progress] 52% building 358/372 modules 14 active /app/deployment/frontend/node_modules/d3-transition/src/transition/end.js
<s> [webpack.Progress] 52% building 358/373 modules 15 active /app/deployment/frontend/node_modules/d3-transition/src/transition/tween.js
<s> [webpack.Progress] 52% building 358/374 modules 16 active /app/deployment/frontend/node_modules/d3-transition/src/transition/transition.js
<s> [webpack.Progress] 52% building 358/375 modules 17 active /app/deployment/frontend/node_modules/d3-transition/src/transition/textTween.js
<s> [webpack.Progress] 52% building 358/376 modules 18 active /app/deployment/frontend/node_modules/d3-transition/src/transition/text.js
<s> [webpack.Progress] 52% building 358/377 modules 19 active /app/deployment/frontend/node_modules/path-browserify/index.js
<s> [webpack.Progress] 52% building 358/378 modules 20 active /app/deployment/frontend/node_modules/d3-time/src/duration.js
<s> [webpack.Progress] 52% building 358/379 modules 21 active /app/deployment/frontend/node_modules/d3-transition/src/transition/styleTween.js
<s> [webpack.Progress] 53% building 359/379 modules 20 active /app/deployment/frontend/node_modules/d3-transition/src/transition/styleTween.js
<s> [webpack.Progress] 53% building 359/380 modules 21 active /app/deployment/frontend/node_modules/d3-transition/src/transition/style.js
<s> [webpack.Progress] 53% building 360/380 modules 20 active /app/deployment/frontend/node_modules/d3-transition/src/transition/style.js
<s> [webpack.Progress] 53% building 360/381 modules 21 active /app/deployment/frontend/node_modules/d3-transition/src/transition/selection.js
<s> [webpack.Progress] 53% building 360/382 modules 22 active /app/deployment/frontend/node_modules/axios/lib/helpers/cookies.js
<s> [webpack.Progress] 53% building 360/383 modules 23 active /app/deployment/frontend/node_modules/d3-transition/src/transition/selectAll.js
<s> [webpack.Progress] 53% building 360/384 modules 24 active /app/deployment/frontend/node_modules/d3-transition/src/transition/select.js
<s> [webpack.Progress] 53% building 360/385 modules 25 active /app/deployment/frontend/node_modules/d3-transition/src/transition/remove.js
<s> [webpack.Progress] 53% building 360/386 modules 26 active /app/deployment/frontend/node_modules/d3-transition/src/transition/on.js
<s> [webpack.Progress] 53% building 360/387 modules 27 active /app/deployment/frontend/node_modules/d3-transition/src/transition/merge.js
<s> [webpack.Progress] 53% building 360/388 modules 28 active /app/deployment/frontend/node_modules/d3-shape/src/array.js
<s> [webpack.Progress] 53% building 360/389 modules 29 active /app/deployment/frontend/node_modules/d3-transition/src/transition/filter.js
<s> [webpack.Progress] 53% building 360/390 modules 30 active /app/deployment/frontend/node_modules/d3-transition/src/transition/easeVarying.js
<s> [webpack.Progress] 53% building 360/391 modules 31 active /app/deployment/frontend/node_modules/d3-transition/src/transition/ease.js
<s> [webpack.Progress] 53% building 361/391 modules 30 active /app/deployment/frontend/node_modules/d3-transition/src/transition/ease.js
<s> [webpack.Progress] 53% building 361/392 modules 31 active /app/deployment/frontend/node_modules/axios/lib/core/settle.js
<s> [webpack.Progress] 53% building 361/393 modules 32 active /app/deployment/frontend/node_modules/d3-transition/src/transition/duration.js
<s> [webpack.Progress] 53% building 361/394 modules 33 active /app/deployment/frontend/node_modules/d3-transition/src/transition/delay.js
<s> [webpack.Progress] 53% building 361/395 modules 34 active /app/deployment/frontend/node_modules/d3-delaunay/src/path.js
<s> [webpack.Progress] 53% building 361/396 modules 35 active /app/deployment/frontend/node_modules/d3-delaunay/src/polygon.js
<s> [webpack.Progress] 53% building 361/397 modules 36 active /app/deployment/frontend/node_modules/d3-transition/src/transition/attrTween.js
<s> [webpack.Progress] 53% building 361/398 modules 37 active /app/deployment/frontend/node_modules/d3-transition/src/transition/attr.js
<s> [webpack.Progress] 53% building 361/399 modules 38 active /app/deployment/frontend/node_modules/d3-geo/src/math.js
<s> [webpack.Progress] 53% building 361/400 modules 39 active /app/deployment/frontend/node_modules/d3-interpolate/src/numberArray.js
<s> [webpack.Progress] 53% building 361/401 modules 40 active /app/deployment/frontend/node_modules/d3-interpolate/src/constant.js
<s> [webpack.Progress] 53% building 361/402 modules 41 active /app/deployment/frontend/node_modules/d3-interpolate/src/string.js
<s> [webpack.Progress] 53% building 361/403 modules 42 active /app/deployment/frontend/node_modules/d3-interpolate/src/object.js
<s> [webpack.Progress] 53% building 361/404 modules 43 active /app/deployment/frontend/node_modules/d3-interpolate/src/number.js
<s> [webpack.Progress] 53% building 361/405 modules 44 active /app/deployment/frontend/node_modules/d3-format/src/exponent.js
<s> [webpack.Progress] 53% building 361/406 modules 45 active /app/deployment/frontend/node_modules/d3-format/src/identity.js
<s> [webpack.Progress] 53% building 361/407 modules 46 active /app/deployment/frontend/node_modules/d3-selection/src/namespace.js
<s> [webpack.Progress] 53% building 362/407 modules 45 active /app/deployment/frontend/node_modules/d3-selection/src/namespace.js
<s> [webpack.Progress] 53% building 362/408 modules 46 active /app/deployment/frontend/node_modules/d3-selection/src/namespaces.js
<s> [webpack.Progress] 53% building 363/408 modules 45 active /app/deployment/frontend/node_modules/d3-selection/src/namespaces.js
<s> [webpack.Progress] 53% building 363/409 modules 46 active /app/deployment/frontend/node_modules/d3-format/src/formatPrefixAuto.js
<s> [webpack.Progress] 53% building 364/409 modules 45 active /app/deployment/frontend/node_modules/d3-format/src/formatPrefixAuto.js
<s> [webpack.Progress] 53% building 364/410 modules 46 active /app/deployment/frontend/node_modules/d3-format/src/formatTypes.js
<s> [webpack.Progress] 53% building 365/410 modules 45 active /app/deployment/frontend/node_modules/d3-format/src/formatTypes.js
<s> [webpack.Progress] 53% building 365/411 modules 46 active /app/deployment/frontend/node_modules/d3-format/src/formatTrim.js
<s> [webpack.Progress] 53% building 365/412 modules 47 active /app/deployment/frontend/node_modules/d3-format/src/formatSpecifier.js
<s> [webpack.Progress] 53% building 365/413 modules 48 active /app/deployment/frontend/node_modules/d3-format/src/formatNumerals.js
<s> [webpack.Progress] 53% building 365/414 modules 49 active /app/deployment/frontend/node_modules/d3-format/src/formatGroup.js
<s> [webpack.Progress] 53% building 365/415 modules 50 active /app/deployment/frontend/node_modules/d3-interpolate/src/date.js
<s> [webpack.Progress] 53% building 365/416 modules 51 active /app/deployment/frontend/node_modules/d3-interpolate/src/array.js
<s> [webpack.Progress] 53% building 365/417 modules 52 active /app/deployment/frontend/node_modules/d3-interpolate/src/rgb.js
<s> [webpack.Progress] 53% building 365/418 modules 53 active /app/deployment/frontend/node_modules/d3-quadtree/src/quad.js
<s> [webpack.Progress] 53% building 365/419 modules 54 active /app/deployment/frontend/node_modules/d3-contour/src/noop.js
<s> [webpack.Progress] 53% building 366/419 modules 53 active /app/deployment/frontend/node_modules/d3-contour/src/noop.js
<s> [webpack.Progress] 53% building 366/420 modules 54 active /app/deployment/frontend/node_modules/d3-contour/src/contains.js
<s> [webpack.Progress] 53% building 366/421 modules 55 active /app/deployment/frontend/node_modules/d3-contour/src/constant.js
<s> [webpack.Progress] 53% building 366/422 modules 56 active /app/deployment/frontend/node_modules/d3-contour/src/area.js
<s> [webpack.Progress] 53% building 366/423 modules 57 active /app/deployment/frontend/node_modules/d3-contour/src/ascending.js
<s> [webpack.Progress] 53% building 366/424 modules 58 active /app/deployment/frontend/node_modules/d3-contour/src/array.js
<s> [webpack.Progress] 53% building 366/425 modules 59 active /app/deployment/frontend/node_modules/d3-brush/src/noevent.js
<s> [webpack.Progress] 53% building 366/426 modules 60 active /app/deployment/frontend/node_modules/d3-brush/src/event.js
<s> [webpack.Progress] 53% building 366/427 modules 61 active /app/deployment/frontend/node_modules/d3-brush/src/constant.js
<s> [webpack.Progress] 53% building 366/428 modules 62 active /app/deployment/frontend/node_modules/d3-shape/src/curve/cardinalClosed.js
<s> [webpack.Progress] 53% building 366/429 modules 63 active /app/deployment/frontend/node_modules/d3-shape/src/curve/bundle.js
<s> [webpack.Progress] 53% building 366/430 modules 64 active /app/deployment/frontend/node_modules/d3-shape/src/curve/bump.js
<s> [webpack.Progress] 53% building 366/431 modules 65 active /app/deployment/frontend/node_modules/d3-shape/src/curve/basis.js
<s> [webpack.Progress] 53% building 366/432 modules 66 active /app/deployment/frontend/node_modules/d3-shape/src/curve/basisOpen.js
<s> [webpack.Progress] 53% building 366/433 modules 67 active /app/deployment/frontend/node_modules/d3-shape/src/curve/basisClosed.js
<s> [webpack.Progress] 53% building 366/434 modules 68 active /app/deployment/frontend/node_modules/d3-shape/src/noop.js
<s> [webpack.Progress] 53% building 366/435 modules 69 active /app/deployment/frontend/node_modules/d3-selection/src/selection/index.js
<s> [webpack.Progress] 54% building 367/435 modules 68 active /app/deployment/frontend/node_modules/d3-selection/src/selection/index.js
<s> [webpack.Progress] 54% building 368/435 modules 67 active /app/deployment/frontend/node_modules/d3-selection/src/selection/index.js
<s> [webpack.Progress] 54% building 368/436 modules 68 active /app/deployment/frontend/node_modules/d3-shape/src/symbol.js
<s> [webpack.Progress] 54% building 368/437 modules 69 active /app/deployment/frontend/node_modules/d3-shape/src/pointRadial.js
<s> [webpack.Progress] 54% building 368/438 modules 70 active /app/deployment/frontend/node_modules/d3-shape/src/lineRadial.js
<s> [webpack.Progress] 54% building 368/439 modules 71 active /app/deployment/frontend/node_modules/d3-shape/src/areaRadial.js
<s> [webpack.Progress] 54% building 368/440 modules 72 active /app/deployment/frontend/node_modules/d3-shape/src/pie.js
<s> [webpack.Progress] 54% building 368/441 modules 73 active /app/deployment/frontend/node_modules/d3-shape/src/line.js
<s> [webpack.Progress] 54% building 368/442 modules 74 active /app/deployment/frontend/node_modules/d3-shape/src/area.js
<s> [webpack.Progress] 54% building 369/442 modules 73 active /app/deployment/frontend/node_modules/d3-shape/src/area.js
<s> [webpack.Progress] 54% building 370/442 modules 72 active /app/deployment/frontend/node_modules/d3-shape/src/area.js
<s> [webpack.Progress] 54% building 371/442 modules 71 active /app/deployment/frontend/node_modules/d3-shape/src/area.js
<s> [webpack.Progress] 54% building 372/442 modules 70 active /app/deployment/frontend/node_modules/d3-shape/src/area.js
<s> [webpack.Progress] 54% building 373/442 modules 69 active /app/deployment/frontend/node_modules/d3-shape/src/area.js
<s> [webpack.Progress] 54% building 374/442 modules 68 active /app/deployment/frontend/node_modules/d3-shape/src/area.js
<s> [webpack.Progress] 54% building 375/442 modules 67 active /app/deployment/frontend/node_modules/d3-shape/src/area.js
<s> [webpack.Progress] 55% building 376/442 modules 66 active /app/deployment/frontend/node_modules/d3-shape/src/area.js
<s> [webpack.Progress] 55% building 377/442 modules 65 active /app/deployment/frontend/node_modules/d3-shape/src/area.js
<s> [webpack.Progress] 55% building 378/442 modules 64 active /app/deployment/frontend/node_modules/d3-shape/src/area.js
<s> [webpack.Progress] 55% building 379/442 modules 63 active /app/deployment/frontend/node_modules/d3-shape/src/area.js
<s> [webpack.Progress] 55% building 380/442 modules 62 active /app/deployment/frontend/node_modules/d3-shape/src/area.js
<s> [webpack.Progress] 55% building 381/442 modules 61 active /app/deployment/frontend/node_modules/d3-shape/src/area.js
<s> [webpack.Progress] 55% building 382/442 modules 60 active /app/deployment/frontend/node_modules/d3-shape/src/area.js
<s> [webpack.Progress] 55% building 383/442 modules 59 active /app/deployment/frontend/node_modules/d3-shape/src/area.js
<s> [webpack.Progress] 56% building 384/442 modules 58 active /app/deployment/frontend/node_modules/d3-shape/src/area.js
<s> [webpack.Progress] 56% building 385/442 modules 57 active /app/deployment/frontend/node_modules/d3-shape/src/area.js
<s> [webpack.Progress] 56% building 386/442 modules 56 active /app/deployment/frontend/node_modules/d3-shape/src/area.js
<s> [webpack.Progress] 56% building 387/442 modules 55 active /app/deployment/frontend/node_modules/d3-shape/src/area.js
<s> [webpack.Progress] 56% building 388/442 modules 54 active /app/deployment/frontend/node_modules/d3-shape/src/area.js
<s> [webpack.Progress] 56% building 388/443 modules 55 active /app/deployment/frontend/node_modules/d3-shape/src/symbol/wye.js
<s> [webpack.Progress] 56% building 388/444 modules 56 active /app/deployment/frontend/node_modules/d3-shape/src/symbol/triangle.js
<s> [webpack.Progress] 56% building 388/445 modules 57 active /app/deployment/frontend/node_modules/d3-shape/src/symbol/star.js
<s> [webpack.Progress] 56% building 388/446 modules 58 active /app/deployment/frontend/node_modules/d3-shape/src/symbol/square.js
<s> [webpack.Progress] 56% building 388/447 modules 59 active /app/deployment/frontend/node_modules/d3-shape/src/symbol/diamond.js
<s> [webpack.Progress] 56% building 388/448 modules 60 active /app/deployment/frontend/node_modules/d3-shape/src/symbol/cross.js
<s> [webpack.Progress] 56% building 388/449 modules 61 active /app/deployment/frontend/node_modules/d3-shape/src/symbol/circle.js
<s> [webpack.Progress] 56% building 389/449 modules 60 active /app/deployment/frontend/node_modules/d3-shape/src/symbol/circle.js
<s> [webpack.Progress] 56% building 390/449 modules 59 active /app/deployment/frontend/node_modules/d3-shape/src/symbol/circle.js
<s> [webpack.Progress] 56% building 391/449 modules 58 active /app/deployment/frontend/node_modules/d3-shape/src/symbol/circle.js
<s> [webpack.Progress] 57% building 392/449 modules 57 active /app/deployment/frontend/node_modules/d3-shape/src/symbol/circle.js
<s> [webpack.Progress] 57% building 393/449 modules 56 active /app/deployment/frontend/node_modules/d3-shape/src/symbol/circle.js
<s> [webpack.Progress] 57% building 394/449 modules 55 active /app/deployment/frontend/node_modules/d3-shape/src/symbol/circle.js
<s> [webpack.Progress] 57% building 395/449 modules 54 active /app/deployment/frontend/node_modules/d3-shape/src/symbol/circle.js
<s> [webpack.Progress] 57% building 396/449 modules 53 active /app/deployment/frontend/node_modules/d3-shape/src/symbol/circle.js
<s> [webpack.Progress] 57% building 397/449 modules 52 active /app/deployment/frontend/node_modules/d3-shape/src/symbol/circle.js
<s> [webpack.Progress] 57% building 398/449 modules 51 active /app/deployment/frontend/node_modules/d3-shape/src/symbol/circle.js
<s> [webpack.Progress] 57% building 399/449 modules 50 active /app/deployment/frontend/node_modules/d3-shape/src/symbol/circle.js
<s> [webpack.Progress] 57% building 400/449 modules 49 active /app/deployment/frontend/node_modules/d3-shape/src/symbol/circle.js
<s> [webpack.Progress] 58% building 401/449 modules 48 active /app/deployment/frontend/node_modules/d3-shape/src/symbol/circle.js
<s> [webpack.Progress] 58% building 402/449 modules 47 active /app/deployment/frontend/node_modules/d3-shape/src/symbol/circle.js
<s> [webpack.Progress] 58% building 403/449 modules 46 active /app/deployment/frontend/node_modules/d3-shape/src/symbol/circle.js
<s> [webpack.Progress] 58% building 404/449 modules 45 active /app/deployment/frontend/node_modules/d3-shape/src/symbol/circle.js
<s> [webpack.Progress] 58% building 405/449 modules 44 active /app/deployment/frontend/node_modules/d3-shape/src/symbol/circle.js
<s> [webpack.Progress] 58% building 406/449 modules 43 active /app/deployment/frontend/node_modules/d3-shape/src/symbol/circle.js
<s> [webpack.Progress] 58% building 407/449 modules 42 active /app/deployment/frontend/node_modules/d3-shape/src/symbol/circle.js
<s> [webpack.Progress] 58% building 408/449 modules 41 active /app/deployment/frontend/node_modules/d3-shape/src/symbol/circle.js
<s> [webpack.Progress] 59% building 409/449 modules 40 active /app/deployment/frontend/node_modules/d3-shape/src/symbol/circle.js
<s> [webpack.Progress] 59% building 410/449 modules 39 active /app/deployment/frontend/node_modules/d3-shape/src/symbol/circle.js
<s> [webpack.Progress] 59% building 411/449 modules 38 active /app/deployment/frontend/node_modules/d3-shape/src/symbol/circle.js
<s> [webpack.Progress] 59% building 412/449 modules 37 active /app/deployment/frontend/node_modules/d3-shape/src/symbol/circle.js
<s> [webpack.Progress] 59% building 412/450 modules 38 active /app/deployment/frontend/node_modules/d3-shape/src/link/index.js
<s> [webpack.Progress] 59% building 412/451 modules 39 active /app/deployment/frontend/node_modules/d3-scale-chromatic/src/sequential-multi/viridis.js
<s> [webpack.Progress] 59% building 412/452 modules 40 active /app/deployment/frontend/node_modules/d3-scale-chromatic/src/sequential-multi/turbo.js
<s> [webpack.Progress] 59% building 412/453 modules 41 active /app/deployment/frontend/node_modules/d3-scale-chromatic/src/sequential-multi/sinebow.js
<s> [webpack.Progress] 59% building 412/454 modules 42 active /app/deployment/frontend/node_modules/d3-scale-chromatic/src/sequential-multi/rainbow.js
<s> [webpack.Progress] 59% building 412/455 modules 43 active /app/deployment/frontend/node_modules/d3-scale-chromatic/src/sequential-multi/cividis.js
<s> [webpack.Progress] 59% building 412/456 modules 44 active /app/deployment/frontend/node_modules/d3-scale-chromatic/src/sequential-multi/cubehelix.js
<s> [webpack.Progress] 59% building 413/456 modules 43 active /app/deployment/frontend/node_modules/d3-scale-chromatic/src/sequential-multi/cubehelix.js
<s> [webpack.Progress] 59% building 414/456 modules 42 active /app/deployment/frontend/node_modules/d3-scale-chromatic/src/sequential-multi/cubehelix.js
<s> [webpack.Progress] 59% building 415/456 modules 41 active /app/deployment/frontend/node_modules/d3-scale-chromatic/src/sequential-multi/cubehelix.js
<s> [webpack.Progress] 59% building 415/457 modules 42 active /app/deployment/frontend/node_modules/d3-scale-chromatic/src/sequential-multi/YlOrRd.js
<s> [webpack.Progress] 59% building 416/457 modules 41 active /app/deployment/frontend/node_modules/d3-scale-chromatic/src/sequential-multi/YlOrRd.js
<s> [webpack.Progress] 60% building 417/457 modules 40 active /app/deployment/frontend/node_modules/d3-scale-chromatic/src/sequential-multi/YlOrRd.js
<s> [webpack.Progress] 60% building 418/457 modules 39 active /app/deployment/frontend/node_modules/d3-scale-chromatic/src/sequential-multi/YlOrRd.js
<s> [webpack.Progress] 60% building 419/457 modules 38 active /app/deployment/frontend/node_modules/d3-scale-chromatic/src/sequential-multi/YlOrRd.js
<s> [webpack.Progress] 60% building 419/458 modules 39 active /app/deployment/frontend/node_modules/d3-scale-chromatic/src/sequential-single/Oranges.js
<s> [webpack.Progress] 60% building 419/459 modules 40 active /app/deployment/frontend/node_modules/d3-scale-chromatic/src/sequential-single/Reds.js
<s> [webpack.Progress] 60% building 419/460 modules 41 active /app/deployment/frontend/node_modules/d3-scale-chromatic/src/sequential-single/Purples.js
<s> [webpack.Progress] 60% building 419/461 modules 42 active /app/deployment/frontend/node_modules/d3-scale-chromatic/src/sequential-single/Greys.js
<s> [webpack.Progress] 60% building 419/462 modules 43 active /app/deployment/frontend/node_modules/d3-scale-chromatic/src/sequential-single/Greens.js
<s> [webpack.Progress] 60% building 419/463 modules 44 active /app/deployment/frontend/node_modules/d3-scale-chromatic/src/sequential-single/Blues.js
<s> [webpack.Progress] 60% building 420/463 modules 43 active /app/deployment/frontend/node_modules/d3-scale-chromatic/src/sequential-single/Blues.js
<s> [webpack.Progress] 60% building 421/463 modules 42 active /app/deployment/frontend/node_modules/d3-scale-chromatic/src/sequential-single/Blues.js
<s> [webpack.Progress] 60% building 422/463 modules 41 active /app/deployment/frontend/node_modules/d3-scale-chromatic/src/sequential-single/Blues.js
<s> [webpack.Progress] 60% building 423/463 modules 40 active /app/deployment/frontend/node_modules/d3-scale-chromatic/src/sequential-single/Blues.js
<s> [webpack.Progress] 60% building 424/463 modules 39 active /app/deployment/frontend/node_modules/d3-scale-chromatic/src/sequential-single/Blues.js
<s> [webpack.Progress] 61% building 425/463 modules 38 active /app/deployment/frontend/node_modules/d3-scale-chromatic/src/sequential-single/Blues.js
<s> [webpack.Progress] 61% building 425/464 modules 39 active /app/deployment/frontend/node_modules/d3-scale-chromatic/src/sequential-multi/YlGn.js
<s> [webpack.Progress] 61% building 425/465 modules 40 active /app/deployment/frontend/node_modules/d3-scale-chromatic/src/sequential-multi/YlOrBr.js
<s> [webpack.Progress] 61% building 426/465 modules 39 active /app/deployment/frontend/node_modules/d3-scale-chromatic/src/sequential-multi/YlOrBr.js
<s> [webpack.Progress] 61% building 427/465 modules 38 active /app/deployment/frontend/node_modules/d3-scale-chromatic/src/sequential-multi/YlOrBr.js
<s> [webpack.Progress] 61% building 428/465 modules 37 active /app/deployment/frontend/node_modules/d3-scale-chromatic/src/sequential-multi/YlOrBr.js
<s> [webpack.Progress] 61% building 429/465 modules 36 active /app/deployment/frontend/node_modules/d3-scale-chromatic/src/sequential-multi/YlOrBr.js
<s> [webpack.Progress] 61% building 430/465 modules 35 active /app/deployment/frontend/node_modules/d3-scale-chromatic/src/sequential-multi/YlOrBr.js
<s> [webpack.Progress] 61% building 431/465 modules 34 active /app/deployment/frontend/node_modules/d3-scale-chromatic/src/sequential-multi/YlOrBr.js
<s> [webpack.Progress] 61% building 432/465 modules 33 active /app/deployment/frontend/node_modules/d3-scale-chromatic/src/sequential-multi/YlOrBr.js
<s> [webpack.Progress] 61% building 433/465 modules 32 active /app/deployment/frontend/node_modules/d3-scale-chromatic/src/sequential-multi/YlOrBr.js
<s> [webpack.Progress] 62% building 434/465 modules 31 active /app/deployment/frontend/node_modules/d3-scale-chromatic/src/sequential-multi/YlOrBr.js
<s> [webpack.Progress] 62% building 435/465 modules 30 active /app/deployment/frontend/node_modules/d3-scale-chromatic/src/sequential-multi/YlOrBr.js
<s> [webpack.Progress] 62% building 435/466 modules 31 active /app/deployment/frontend/node_modules/d3-scale-chromatic/src/sequential-multi/YlGnBu.js
<s> [webpack.Progress] 62% building 435/467 modules 32 active /app/deployment/frontend/node_modules/d3-scale-chromatic/src/sequential-multi/RdPu.js
<s> [webpack.Progress] 62% building 435/468 modules 33 active /app/deployment/frontend/node_modules/d3-scale-chromatic/src/sequential-multi/PuRd.js
<s> [webpack.Progress] 62% building 435/469 modules 34 active /app/deployment/frontend/node_modules/d3-scale-chromatic/src/sequential-multi/PuBu.js
<s> [webpack.Progress] 62% building 435/470 modules 35 active /app/deployment/frontend/node_modules/d3-scale-chromatic/src/sequential-multi/PuBuGn.js
<s> [webpack.Progress] 62% building 435/471 modules 36 active /app/deployment/frontend/node_modules/d3-scale-chromatic/src/sequential-multi/OrRd.js
<s> [webpack.Progress] 62% building 436/471 modules 35 active /app/deployment/frontend/node_modules/d3-scale-chromatic/src/sequential-multi/OrRd.js
<s> [webpack.Progress] 62% building 437/471 modules 34 active /app/deployment/frontend/node_modules/d3-scale-chromatic/src/sequential-multi/OrRd.js
<s> [webpack.Progress] 62% building 438/471 modules 33 active /app/deployment/frontend/node_modules/d3-scale-chromatic/src/sequential-multi/OrRd.js
<s> [webpack.Progress] 62% building 439/471 modules 32 active /app/deployment/frontend/node_modules/d3-scale-chromatic/src/sequential-multi/OrRd.js
<s> [webpack.Progress] 62% building 440/471 modules 31 active /app/deployment/frontend/node_modules/d3-scale-chromatic/src/sequential-multi/OrRd.js
<s> [webpack.Progress] 62% building 441/471 modules 30 active /app/deployment/frontend/node_modules/d3-scale-chromatic/src/sequential-multi/OrRd.js
<s> [webpack.Progress] 62% building 441/472 modules 31 active /app/deployment/frontend/node_modules/d3-scale-chromatic/src/sequential-multi/GnBu.js
<s> [webpack.Progress] 63% building 442/472 modules 30 active /app/deployment/frontend/node_modules/d3-scale-chromatic/src/sequential-multi/GnBu.js
<s> [webpack.Progress] 63% building 442/473 modules 31 active /app/deployment/frontend/node_modules/d3-transition/src/transition/interpolate.js
<s> [webpack.Progress] 63% building 442/474 modules 32 active /app/deployment/frontend/node_modules/d3-scale-chromatic/src/sequential-multi/BuPu.js
<s> [webpack.Progress] 63% building 442/475 modules 33 active /app/deployment/frontend/node_modules/d3-scale-chromatic/src/sequential-multi/BuGn.js
<s> [webpack.Progress] 63% building 442/476 modules 34 active /app/deployment/frontend/node_modules/d3-scale-chromatic/src/categorical/Tableau10.js
<s> [webpack.Progress] 63% building 442/477 modules 35 active /app/deployment/frontend/node_modules/internmap/src/index.js
<s> [webpack.Progress] 63% building 442/478 modules 36 active /app/deployment/frontend/node_modules/d3-scale-chromatic/src/categorical/Set3.js
<s> [webpack.Progress] 63% building 442/479 modules 37 active /app/deployment/frontend/node_modules/d3-scale-chromatic/src/categorical/Set2.js
<s> [webpack.Progress] 63% building 442/480 modules 38 active /app/deployment/frontend/node_modules/d3-scale-chromatic/src/categorical/Set1.js
<s> [webpack.Progress] 63% building 442/481 modules 39 active /app/deployment/frontend/node_modules/d3-scale-chromatic/src/categorical/Pastel2.js
<s> [webpack.Progress] 63% building 442/482 modules 40 active /app/deployment/frontend/node_modules/d3-scale-chromatic/src/categorical/Pastel1.js
<s> [webpack.Progress] 63% building 442/483 modules 41 active /app/deployment/frontend/node_modules/d3-scale-chromatic/src/categorical/Paired.js
<s> [webpack.Progress] 63% building 442/484 modules 42 active /app/deployment/frontend/node_modules/d3-scale-chromatic/src/categorical/Dark2.js
<s> [webpack.Progress] 63% building 442/485 modules 43 active /app/deployment/frontend/node_modules/d3-scale-chromatic/src/categorical/Accent.js
<s> [webpack.Progress] 63% building 442/486 modules 44 active /app/deployment/frontend/node_modules/d3-selection/src/window.js
<s> [webpack.Progress] 63% building 442/487 modules 45 active /app/deployment/frontend/node_modules/d3-selection/src/selection/style.js
<s> [webpack.Progress] 63% building 442/488 modules 46 active /app/deployment/frontend/node_modules/d3-format/src/formatDecimal.js
<s> [webpack.Progress] 63% building 442/489 modules 47 active /app/deployment/frontend/node_modules/d3-selection/src/selectorAll.js
<s> [webpack.Progress] 63% building 442/490 modules 48 active /app/deployment/frontend/node_modules/d3-selection/src/selectAll.js
<s> [webpack.Progress] 63% building 442/491 modules 49 active /app/deployment/frontend/node_modules/d3-selection/src/selector.js
<s> [webpack.Progress] 63% building 442/492 modules 50 active /app/deployment/frontend/node_modules/d3-selection/src/pointers.js
<s> [webpack.Progress] 63% building 442/493 modules 51 active /app/deployment/frontend/node_modules/d3-format/src/formatRounded.js
<s> [webpack.Progress] 63% building 442/494 modules 52 active /app/deployment/frontend/node_modules/d3-selection/src/pointer.js
<s> [webpack.Progress] 63% building 443/494 modules 51 active /app/deployment/frontend/node_modules/d3-selection/src/pointer.js
<s> [webpack.Progress] 63% building 444/494 modules 50 active /app/deployment/frontend/node_modules/d3-selection/src/pointer.js
<s> [webpack.Progress] 63% building 445/494 modules 49 active /app/deployment/frontend/node_modules/d3-selection/src/pointer.js
<s> [webpack.Progress] 63% building 446/494 modules 48 active /app/deployment/frontend/node_modules/d3-selection/src/pointer.js
<s> [webpack.Progress] 63% building 447/494 modules 47 active /app/deployment/frontend/node_modules/d3-selection/src/pointer.js
<s> [webpack.Progress] 63% building 448/494 modules 46 active /app/deployment/frontend/node_modules/d3-selection/src/pointer.js
<s> [webpack.Progress] 63% building 449/494 modules 45 active /app/deployment/frontend/node_modules/d3-selection/src/pointer.js
<s> [webpack.Progress] 63% building 449/495 modules 46 active /app/deployment/frontend/node_modules/d3-selection/src/matcher.js
<s> [webpack.Progress] 63% building 449/496 modules 47 active /app/deployment/frontend/node_modules/d3-selection/src/local.js
<s> [webpack.Progress] 63% building 449/497 modules 48 active /app/deployment/frontend/node_modules/d3-scale/src/tickFormat.js
<s> [webpack.Progress] 63% building 449/498 modules 49 active /app/deployment/frontend/node_modules/d3-scale/src/diverging.js
<s> [webpack.Progress] 63% building 449/499 modules 50 active /app/deployment/frontend/node_modules/d3-interpolate/src/color.js
<s> [webpack.Progress] 63% building 449/500 modules 51 active /app/deployment/frontend/node_modules/d3-interpolate/src/basisClosed.js
<s> [webpack.Progress] 63% building 449/501 modules 52 active /app/deployment/frontend/node_modules/d3-interpolate/src/basis.js
<s> [webpack.Progress] 63% building 450/501 modules 51 active /app/deployment/frontend/node_modules/d3-interpolate/src/basis.js
<s> [webpack.Progress] 64% building 451/501 modules 50 active /app/deployment/frontend/node_modules/d3-interpolate/src/basis.js
<s> [webpack.Progress] 64% building 452/501 modules 49 active /app/deployment/frontend/node_modules/d3-interpolate/src/basis.js
<s> [webpack.Progress] 64% building 453/501 modules 48 active /app/deployment/frontend/node_modules/d3-interpolate/src/basis.js
<s> [webpack.Progress] 64% building 454/501 modules 47 active /app/deployment/frontend/node_modules/d3-interpolate/src/basis.js
<s> [webpack.Progress] 64% building 455/501 modules 46 active /app/deployment/frontend/node_modules/d3-interpolate/src/basis.js
<s> [webpack.Progress] 64% building 456/501 modules 45 active /app/deployment/frontend/node_modules/d3-interpolate/src/basis.js
<s> [webpack.Progress] 64% building 456/502 modules 46 active /app/deployment/frontend/node_modules/d3-scale-chromatic/src/diverging/Spectral.js
<s> [webpack.Progress] 64% building 456/503 modules 47 active /app/deployment/frontend/node_modules/d3-scale-chromatic/src/diverging/RdYlGn.js
<s> [webpack.Progress] 64% building 456/504 modules 48 active /app/deployment/frontend/node_modules/d3-scale-chromatic/src/diverging/RdYlBu.js
<s> [webpack.Progress] 64% building 456/505 modules 49 active /app/deployment/frontend/node_modules/d3-scale-chromatic/src/diverging/RdGy.js
<s> [webpack.Progress] 64% building 456/506 modules 50 active /app/deployment/frontend/node_modules/d3-scale-chromatic/src/diverging/RdBu.js
<s> [webpack.Progress] 63% building 456/507 modules 51 active /app/deployment/frontend/node_modules/d3-scale-chromatic/src/diverging/PuOr.js
<s> [webpack.Progress] 63% building 456/508 modules 52 active /app/deployment/frontend/node_modules/d3-scale-chromatic/src/diverging/PiYG.js
<s> [webpack.Progress] 63% building 456/509 modules 53 active /app/deployment/frontend/node_modules/d3-scale-chromatic/src/diverging/PRGn.js
<s> [webpack.Progress] 63% building 456/510 modules 54 active /app/deployment/frontend/node_modules/d3-scale-chromatic/src/diverging/BrBG.js
<s> [webpack.Progress] 63% building 456/511 modules 55 active /app/deployment/frontend/node_modules/d3-scale/src/sequentialQuantile.js
<s> [webpack.Progress] 63% building 456/512 modules 56 active /app/deployment/frontend/node_modules/d3-scale/src/utcTime.js
<s> [webpack.Progress] 63% building 456/513 modules 57 active /app/deployment/frontend/node_modules/d3-scale/src/time.js
<s> [webpack.Progress] 63% building 456/514 modules 58 active /app/deployment/frontend/node_modules/d3-scale/src/sequential.js
<s> [webpack.Progress] 63% building 456/515 modules 59 active /app/deployment/frontend/node_modules/d3-scale/src/threshold.js
<s> [webpack.Progress] 63% building 456/516 modules 60 active /app/deployment/frontend/node_modules/d3-scale/src/quantize.js
<s> [webpack.Progress] 62% building 456/517 modules 61 active /app/deployment/frontend/node_modules/d3-scale/src/quantile.js
<s> [webpack.Progress] 62% building 456/518 modules 62 active /app/deployment/frontend/node_modules/d3-scale/src/radial.js
<s> [webpack.Progress] 62% building 456/519 modules 63 active /app/deployment/frontend/node_modules/d3-scale/src/pow.js
<s> [webpack.Progress] 62% building 456/520 modules 64 active /app/deployment/frontend/node_modules/d3-scale/src/symlog.js
<s> [webpack.Progress] 62% building 456/521 modules 65 active /app/deployment/frontend/node_modules/d3-scale/src/log.js
<s> [webpack.Progress] 62% building 456/522 modules 66 active /app/deployment/frontend/node_modules/d3-scale/src/linear.js
<s> [webpack.Progress] 62% building 456/523 modules 67 active /app/deployment/frontend/node_modules/d3-scale/src/identity.js
<s> [webpack.Progress] 62% building 457/523 modules 66 active /app/deployment/frontend/node_modules/d3-scale/src/identity.js
<s> [webpack.Progress] 62% building 457/524 modules 67 active /app/deployment/frontend/node_modules/d3-selection/src/selection/select.js
<s> [webpack.Progress] 62% building 457/525 modules 68 active /app/deployment/frontend/node_modules/axios/lib/core/enhanceError.js
<s> [webpack.Progress] 62% building 458/525 modules 67 active /app/deployment/frontend/node_modules/axios/lib/core/enhanceError.js
<s> [webpack.Progress] 62% building 459/525 modules 66 active /app/deployment/frontend/node_modules/axios/lib/core/enhanceError.js
<s> [webpack.Progress] 62% building 460/525 modules 65 active /app/deployment/frontend/node_modules/axios/lib/core/enhanceError.js
<s> [webpack.Progress] 62% building 461/525 modules 64 active /app/deployment/frontend/node_modules/axios/lib/core/enhanceError.js
<s> [webpack.Progress] 62% building 462/525 modules 63 active /app/deployment/frontend/node_modules/axios/lib/core/enhanceError.js
<s> [webpack.Progress] 62% building 463/525 modules 62 active /app/deployment/frontend/node_modules/axios/lib/core/enhanceError.js
<s> [webpack.Progress] 62% building 463/526 modules 63 active /app/deployment/frontend/node_modules/d3-selection/src/selection/iterator.js
<s> [webpack.Progress] 62% building 463/527 modules 64 active /app/deployment/frontend/node_modules/d3-selection/src/selection/dispatch.js
<s> [webpack.Progress] 62% building 463/528 modules 65 active /app/deployment/frontend/node_modules/d3-shape/src/curve/radial.js
<s> [webpack.Progress] 62% building 463/529 modules 66 active /app/deployment/frontend/node_modules/d3-shape/src/identity.js
<s> [webpack.Progress] 62% building 463/530 modules 67 active /app/deployment/frontend/node_modules/d3-shape/src/point.js
<s> [webpack.Progress] 62% building 463/531 modules 68 active /app/deployment/frontend/node_modules/d3-shape/src/descending.js
<s> [webpack.Progress] 62% building 464/531 modules 67 active /app/deployment/frontend/node_modules/d3-shape/src/descending.js
<s> [webpack.Progress] 62% building 465/531 modules 66 active /app/deployment/frontend/node_modules/d3-shape/src/descending.js
<s> [webpack.Progress] 62% building 465/532 modules 67 active /app/deployment/frontend/node_modules/axios/lib/helpers/isAbsoluteURL.js
<s> [webpack.Progress] 62% building 465/533 modules 68 active /app/deployment/frontend/node_modules/d3-selection/src/selection/on.js
<s> [webpack.Progress] 62% building 465/534 modules 69 active /app/deployment/frontend/node_modules/d3-selection/src/selection/datum.js
<s> [webpack.Progress] 62% building 465/535 modules 70 active /app/deployment/frontend/node_modules/d3-selection/src/selection/clone.js
<s> [webpack.Progress] 62% building 465/536 modules 71 active /app/deployment/frontend/node_modules/d3-selection/src/selection/remove.js
<s> [webpack.Progress] 61% building 465/537 modules 72 active /app/deployment/frontend/node_modules/axios/lib/helpers/combineURLs.js
<s> [webpack.Progress] 62% building 466/537 modules 71 active /app/deployment/frontend/node_modules/axios/lib/helpers/combineURLs.js
<s> [webpack.Progress] 62% building 467/537 modules 70 active /app/deployment/frontend/node_modules/axios/lib/helpers/combineURLs.js
<s> [webpack.Progress] 62% building 468/537 modules 69 active /app/deployment/frontend/node_modules/axios/lib/helpers/combineURLs.js
<s> [webpack.Progress] 62% building 469/537 modules 68 active /app/deployment/frontend/node_modules/axios/lib/helpers/combineURLs.js
<s> [webpack.Progress] 62% building 470/537 modules 67 active /app/deployment/frontend/node_modules/axios/lib/helpers/combineURLs.js
<s> [webpack.Progress] 62% building 471/537 modules 66 active /app/deployment/frontend/node_modules/axios/lib/helpers/combineURLs.js
<s> [webpack.Progress] 62% building 472/537 modules 65 active /app/deployment/frontend/node_modules/axios/lib/helpers/combineURLs.js
<s> [webpack.Progress] 62% building 473/537 modules 64 active /app/deployment/frontend/node_modules/axios/lib/helpers/combineURLs.js
<s> [webpack.Progress] 62% building 474/537 modules 63 active /app/deployment/frontend/node_modules/axios/lib/helpers/combineURLs.js
<s> [webpack.Progress] 63% building 475/537 modules 62 active /app/deployment/frontend/node_modules/axios/lib/helpers/combineURLs.js
<s> [webpack.Progress] 62% building 475/538 modules 63 active /app/deployment/frontend/node_modules/d3-selection/src/selection/insert.js
<s> [webpack.Progress] 62% building 475/539 modules 64 active /app/deployment/frontend/node_modules/d3-selection/src/selection/append.js
<s> [webpack.Progress] 62% building 475/540 modules 65 active /app/deployment/frontend/node_modules/d3-hierarchy/src/treemap/resquarify.js
<s> [webpack.Progress] 62% building 475/541 modules 66 active /app/deployment/frontend/node_modules/d3-hierarchy/src/treemap/squarify.js
<s> [webpack.Progress] 62% building 475/542 modules 67 active /app/deployment/frontend/node_modules/d3-selection/src/selection/lower.js
<s> [webpack.Progress] 62% building 475/543 modules 68 active /app/deployment/frontend/node_modules/d3-selection/src/selection/raise.js
<s> [webpack.Progress] 62% building 475/544 modules 69 active /app/deployment/frontend/node_modules/d3-selection/src/selection/html.js
<s> [webpack.Progress] 62% building 475/545 modules 70 active /app/deployment/frontend/node_modules/d3-selection/src/selection/text.js
<s> [webpack.Progress] 62% building 475/546 modules 71 active /app/deployment/frontend/node_modules/d3-selection/src/selection/classed.js
<s> [webpack.Progress] 62% building 476/546 modules 70 active /app/deployment/frontend/node_modules/d3-selection/src/selection/classed.js
<s> [webpack.Progress] 62% building 477/546 modules 69 active /app/deployment/frontend/node_modules/d3-selection/src/selection/classed.js
<s> [webpack.Progress] 62% building 478/546 modules 68 active /app/deployment/frontend/node_modules/d3-selection/src/selection/classed.js
<s> [webpack.Progress] 62% building 479/546 modules 67 active /app/deployment/frontend/node_modules/d3-selection/src/selection/classed.js
<s> [webpack.Progress] 62% building 480/546 modules 66 active /app/deployment/frontend/node_modules/d3-selection/src/selection/classed.js
<s> [webpack.Progress] 62% building 481/546 modules 65 active /app/deployment/frontend/node_modules/d3-selection/src/selection/classed.js
<s> [webpack.Progress] 62% building 482/546 modules 64 active /app/deployment/frontend/node_modules/d3-selection/src/selection/classed.js
<s> [webpack.Progress] 63% building 483/546 modules 63 active /app/deployment/frontend/node_modules/d3-selection/src/selection/classed.js
<s> [webpack.Progress] 63% building 484/546 modules 62 active /app/deployment/frontend/node_modules/d3-selection/src/selection/classed.js
<s> [webpack.Progress] 63% building 485/546 modules 61 active /app/deployment/frontend/node_modules/d3-selection/src/selection/classed.js
<s> [webpack.Progress] 63% building 486/546 modules 60 active /app/deployment/frontend/node_modules/d3-selection/src/selection/classed.js
<s> [webpack.Progress] 63% building 487/546 modules 59 active /app/deployment/frontend/node_modules/d3-selection/src/selection/classed.js
<s> [webpack.Progress] 63% building 488/546 modules 58 active /app/deployment/frontend/node_modules/d3-selection/src/selection/classed.js
<s> [webpack.Progress] 63% building 489/546 modules 57 active /app/deployment/frontend/node_modules/d3-selection/src/selection/classed.js
<s> [webpack.Progress] 63% building 490/546 modules 56 active /app/deployment/frontend/node_modules/d3-selection/src/selection/classed.js
<s> [webpack.Progress] 63% building 491/546 modules 55 active /app/deployment/frontend/node_modules/d3-selection/src/selection/classed.js
<s> [webpack.Progress] 64% building 492/546 modules 54 active /app/deployment/frontend/node_modules/d3-selection/src/selection/classed.js
<s> [webpack.Progress] 64% building 493/546 modules 53 active /app/deployment/frontend/node_modules/d3-selection/src/selection/classed.js
<s> [webpack.Progress] 64% building 494/546 modules 52 active /app/deployment/frontend/node_modules/d3-selection/src/selection/classed.js
<s> [webpack.Progress] 64% building 495/546 modules 51 active /app/deployment/frontend/node_modules/d3-selection/src/selection/classed.js
<s> [webpack.Progress] 64% building 496/546 modules 50 active /app/deployment/frontend/node_modules/d3-selection/src/selection/classed.js
<s> [webpack.Progress] 64% building 496/547 modules 51 active /app/deployment/frontend/node_modules/delaunator/index.js
<s> [webpack.Progress] 64% building 497/547 modules 50 active /app/deployment/frontend/node_modules/delaunator/index.js
<s> [webpack.Progress] 64% building 497/548 modules 51 active /app/deployment/frontend/node_modules/d3-scale-chromatic/src/ramp.js
<s> [webpack.Progress] 64% building 498/548 modules 50 active /app/deployment/frontend/node_modules/d3-scale-chromatic/src/ramp.js
<s> [webpack.Progress] 64% building 499/548 modules 49 active /app/deployment/frontend/node_modules/d3-scale-chromatic/src/ramp.js
<s> [webpack.Progress] 64% building 500/548 modules 48 active /app/deployment/frontend/node_modules/d3-scale-chromatic/src/ramp.js
<s> [webpack.Progress] 64% building 501/548 modules 47 active /app/deployment/frontend/node_modules/d3-scale-chromatic/src/ramp.js
<s> [webpack.Progress] 64% building 501/549 modules 48 active /app/deployment/frontend/node_modules/d3-selection/src/selection/property.js
<s> [webpack.Progress] 64% building 501/550 modules 49 active /app/deployment/frontend/node_modules/d3-selection/src/selection/each.js
<s> [webpack.Progress] 64% building 501/551 modules 50 active /app/deployment/frontend/node_modules/d3-selection/src/selection/empty.js
<s> [webpack.Progress] 64% building 501/552 modules 51 active /app/deployment/frontend/node_modules/d3-selection/src/selection/attr.js
<s> [webpack.Progress] 64% building 501/553 modules 52 active /app/deployment/frontend/node_modules/d3-selection/src/selection/size.js
<s> [webpack.Progress] 64% building 501/554 modules 53 active /app/deployment/frontend/node_modules/d3-selection/src/selection/node.js
<s> [webpack.Progress] 64% building 501/555 modules 54 active /app/deployment/frontend/node_modules/d3-selection/src/selection/nodes.js
<s> [webpack.Progress] 64% building 501/556 modules 55 active /app/deployment/frontend/node_modules/d3-selection/src/selection/call.js
<s> [webpack.Progress] 63% building 501/557 modules 56 active /app/deployment/frontend/node_modules/d3-selection/src/selection/sort.js
<s> [webpack.Progress] 64% building 502/557 modules 55 active /app/deployment/frontend/node_modules/d3-selection/src/selection/sort.js
<s> [webpack.Progress] 64% building 503/557 modules 54 active /app/deployment/frontend/node_modules/d3-selection/src/selection/sort.js
<s> [webpack.Progress] 64% building 504/557 modules 53 active /app/deployment/frontend/node_modules/d3-selection/src/selection/sort.js
<s> [webpack.Progress] 64% building 505/557 modules 52 active /app/deployment/frontend/node_modules/d3-selection/src/selection/sort.js
<s> [webpack.Progress] 64% building 506/557 modules 51 active /app/deployment/frontend/node_modules/d3-selection/src/selection/sort.js
<s> [webpack.Progress] 64% building 507/557 modules 50 active /app/deployment/frontend/node_modules/d3-selection/src/selection/sort.js
<s> [webpack.Progress] 64% building 508/557 modules 49 active /app/deployment/frontend/node_modules/d3-selection/src/selection/sort.js
<s> [webpack.Progress] 64% building 509/557 modules 48 active /app/deployment/frontend/node_modules/d3-selection/src/selection/sort.js
<s> [webpack.Progress] 64% building 510/557 modules 47 active /app/deployment/frontend/node_modules/d3-selection/src/selection/sort.js
<s> [webpack.Progress] 65% building 511/557 modules 46 active /app/deployment/frontend/node_modules/d3-selection/src/selection/sort.js
<s> [webpack.Progress] 65% building 512/557 modules 45 active /app/deployment/frontend/node_modules/d3-selection/src/selection/sort.js
<s> [webpack.Progress] 65% building 513/557 modules 44 active /app/deployment/frontend/node_modules/d3-selection/src/selection/sort.js
<s> [webpack.Progress] 65% building 514/557 modules 43 active /app/deployment/frontend/node_modules/d3-selection/src/selection/sort.js
<s> [webpack.Progress] 65% building 515/557 modules 42 active /app/deployment/frontend/node_modules/d3-selection/src/selection/sort.js
<s> [webpack.Progress] 65% building 516/557 modules 41 active /app/deployment/frontend/node_modules/d3-selection/src/selection/sort.js
<s> [webpack.Progress] 65% building 517/557 modules 40 active /app/deployment/frontend/node_modules/d3-selection/src/selection/sort.js
<s> [webpack.Progress] 65% building 518/557 modules 39 active /app/deployment/frontend/node_modules/d3-selection/src/selection/sort.js
<s> [webpack.Progress] 65% building 519/557 modules 38 active /app/deployment/frontend/node_modules/d3-selection/src/selection/sort.js
<s> [webpack.Progress] 66% building 520/557 modules 37 active /app/deployment/frontend/node_modules/d3-selection/src/selection/sort.js
<s> [webpack.Progress] 66% building 521/557 modules 36 active /app/deployment/frontend/node_modules/d3-selection/src/selection/sort.js
<s> [webpack.Progress] 66% building 522/557 modules 35 active /app/deployment/frontend/node_modules/d3-selection/src/selection/sort.js
<s> [webpack.Progress] 66% building 523/557 modules 34 active /app/deployment/frontend/node_modules/d3-selection/src/selection/sort.js
<s> [webpack.Progress] 66% building 524/557 modules 33 active /app/deployment/frontend/node_modules/d3-selection/src/selection/sort.js
<s> [webpack.Progress] 66% building 525/557 modules 32 active /app/deployment/frontend/node_modules/d3-selection/src/selection/sort.js
<s> [webpack.Progress] 66% building 526/557 modules 31 active /app/deployment/frontend/node_modules/d3-selection/src/selection/sort.js
<s> [webpack.Progress] 66% building 527/557 modules 30 active /app/deployment/frontend/node_modules/d3-selection/src/selection/sort.js
<s> [webpack.Progress] 66% building 528/557 modules 29 active /app/deployment/frontend/node_modules/d3-selection/src/selection/sort.js
<s> [webpack.Progress] 66% building 529/557 modules 28 active /app/deployment/frontend/node_modules/d3-selection/src/selection/sort.js
<s> [webpack.Progress] 67% building 530/557 modules 27 active /app/deployment/frontend/node_modules/d3-selection/src/selection/sort.js
<s> [webpack.Progress] 66% building 530/558 modules 28 active /app/deployment/frontend/node_modules/d3-selection/src/selection/order.js
<s> [webpack.Progress] 67% building 531/558 modules 27 active /app/deployment/frontend/node_modules/d3-selection/src/selection/order.js
<s> [webpack.Progress] 67% building 532/558 modules 26 active /app/deployment/frontend/node_modules/d3-selection/src/selection/order.js
<s> [webpack.Progress] 67% building 532/559 modules 27 active /app/deployment/frontend/node_modules/d3-selection/src/selection/merge.js
<s> [webpack.Progress] 67% building 532/560 modules 28 active /app/deployment/frontend/node_modules/d3-selection/src/selection/join.js
<s> [webpack.Progress] 67% building 533/560 modules 27 active /app/deployment/frontend/node_modules/d3-selection/src/selection/join.js
<s> [webpack.Progress] 67% building 533/561 modules 28 active /app/deployment/frontend/node_modules/d3-selection/src/selection/exit.js
<s> [webpack.Progress] 66% building 533/562 modules 29 active /app/deployment/frontend/node_modules/d3-selection/src/selection/enter.js
<s> [webpack.Progress] 67% building 534/562 modules 28 active /app/deployment/frontend/node_modules/d3-selection/src/selection/enter.js
<s> [webpack.Progress] 66% building 534/563 modules 29 active /app/deployment/frontend/node_modules/d3-selection/src/selection/data.js
<s> [webpack.Progress] 66% building 534/564 modules 30 active /app/deployment/frontend/node_modules/d3-selection/src/selection/filter.js
<s> [webpack.Progress] 66% building 534/565 modules 31 active /app/deployment/frontend/node_modules/d3-selection/src/selection/selectChildren.js
<s> [webpack.Progress] 66% building 534/566 modules 32 active /app/deployment/frontend/node_modules/d3-selection/src/selection/selectChild.js
<s> [webpack.Progress] 66% building 534/567 modules 33 active /app/deployment/frontend/node_modules/d3-selection/src/selection/selectAll.js
<s> [webpack.Progress] 66% building 534/568 modules 34 active /app/deployment/frontend/node_modules/d3-hierarchy/src/treemap/sliceDice.js
<s> [webpack.Progress] 66% building 534/569 modules 35 active /app/deployment/frontend/node_modules/d3-hierarchy/src/treemap/slice.js
<s> [webpack.Progress] 66% building 534/570 modules 36 active /app/deployment/frontend/node_modules/d3-hierarchy/src/treemap/binary.js
<s> [webpack.Progress] 66% building 534/571 modules 37 active /app/deployment/frontend/node_modules/d3-hierarchy/src/treemap/dice.js
<s> [webpack.Progress] 66% building 535/571 modules 36 active /app/deployment/frontend/node_modules/d3-hierarchy/src/treemap/dice.js
<s> [webpack.Progress] 66% building 536/571 modules 35 active /app/deployment/frontend/node_modules/d3-hierarchy/src/treemap/dice.js
<s> [webpack.Progress] 66% building 536/572 modules 36 active /app/deployment/frontend/node_modules/d3-hierarchy/src/treemap/index.js
<s> [webpack.Progress] 66% building 536/573 modules 37 active /app/deployment/frontend/node_modules/d3-selection/src/array.js
<s> [webpack.Progress] 66% building 536/574 modules 38 active /app/deployment/frontend/node_modules/d3-hierarchy/src/tree.js
<s> [webpack.Progress] 65% building 536/575 modules 39 active /app/deployment/frontend/node_modules/d3-selection/src/sourceEvent.js
<s> [webpack.Progress] 66% building 537/575 modules 38 active /app/deployment/frontend/node_modules/d3-selection/src/sourceEvent.js
<s> [webpack.Progress] 65% building 537/576 modules 39 active /app/deployment/frontend/node_modules/d3-hierarchy/src/stratify.js
<s> [webpack.Progress] 66% building 538/576 modules 38 active /app/deployment/frontend/node_modules/d3-hierarchy/src/stratify.js
<s> [webpack.Progress] 66% building 539/576 modules 37 active /app/deployment/frontend/node_modules/d3-hierarchy/src/stratify.js
<s> [webpack.Progress] 66% building 540/576 modules 36 active /app/deployment/frontend/node_modules/d3-hierarchy/src/stratify.js
<s> [webpack.Progress] 66% building 541/576 modules 35 active /app/deployment/frontend/node_modules/d3-hierarchy/src/stratify.js
<s> [webpack.Progress] 66% building 542/576 modules 34 active /app/deployment/frontend/node_modules/d3-hierarchy/src/stratify.js
<s> [webpack.Progress] 66% building 543/576 modules 33 active /app/deployment/frontend/node_modules/d3-hierarchy/src/stratify.js
<s> [webpack.Progress] 66% building 544/576 modules 32 active /app/deployment/frontend/node_modules/d3-hierarchy/src/stratify.js
<s> [webpack.Progress] 66% building 545/576 modules 31 active /app/deployment/frontend/node_modules/d3-hierarchy/src/stratify.js
<s> [webpack.Progress] 66% building 546/576 modules 30 active /app/deployment/frontend/node_modules/d3-hierarchy/src/stratify.js
<s> [webpack.Progress] 66% building 546/577 modules 31 active /app/deployment/frontend/node_modules/d3-hierarchy/src/partition.js
<s> [webpack.Progress] 66% building 546/578 modules 32 active /app/deployment/frontend/node_modules/d3-random/src/lcg.js
<s> [webpack.Progress] 66% building 546/579 modules 33 active /app/deployment/frontend/node_modules/d3-random/src/poisson.js
<s> [webpack.Progress] 66% building 546/580 modules 34 active /app/deployment/frontend/node_modules/d3-random/src/logistic.js
<s> [webpack.Progress] 66% building 546/581 modules 35 active /app/deployment/frontend/node_modules/d3-random/src/cauchy.js
<s> [webpack.Progress] 66% building 546/582 modules 36 active /app/deployment/frontend/node_modules/d3-random/src/weibull.js
<s> [webpack.Progress] 66% building 546/583 modules 37 active /app/deployment/frontend/node_modules/d3-random/src/beta.js
<s> [webpack.Progress] 66% building 546/584 modules 38 active /app/deployment/frontend/node_modules/d3-random/src/gamma.js
<s> [webpack.Progress] 65% building 546/585 modules 39 active /app/deployment/frontend/node_modules/d3-random/src/binomial.js
<s> [webpack.Progress] 65% building 546/586 modules 40 active /app/deployment/frontend/node_modules/d3-random/src/bernoulli.js
<s> [webpack.Progress] 65% building 546/587 modules 41 active /app/deployment/frontend/node_modules/d3-random/src/geometric.js
<s> [webpack.Progress] 65% building 546/588 modules 42 active /app/deployment/frontend/node_modules/d3-random/src/pareto.js
<s> [webpack.Progress] 65% building 546/589 modules 43 active /app/deployment/frontend/node_modules/d3-random/src/exponential.js
<s> [webpack.Progress] 65% building 546/590 modules 44 active /app/deployment/frontend/node_modules/d3-random/src/irwinHall.js
<s> [webpack.Progress] 65% building 546/591 modules 45 active /app/deployment/frontend/node_modules/d3-random/src/bates.js
<s> [webpack.Progress] 65% building 546/592 modules 46 active /app/deployment/frontend/node_modules/d3-random/src/logNormal.js
<s> [webpack.Progress] 65% building 546/593 modules 47 active /app/deployment/frontend/node_modules/d3-random/src/normal.js
<s> [webpack.Progress] 65% building 546/594 modules 48 active /app/deployment/frontend/node_modules/d3-random/src/int.js
<s> [webpack.Progress] 65% building 546/595 modules 49 active /app/deployment/frontend/node_modules/d3-scale/src/continuous.js
<s> [webpack.Progress] 64% building 546/596 modules 50 active /app/deployment/frontend/node_modules/d3-polygon/src/length.js
<s> [webpack.Progress] 64% building 546/597 modules 51 active /app/deployment/frontend/node_modules/d3-polygon/src/contains.js
<s> [webpack.Progress] 64% building 546/598 modules 52 active /app/deployment/frontend/node_modules/d3-polygon/src/hull.js
<s> [webpack.Progress] 64% building 546/599 modules 53 active /app/deployment/frontend/node_modules/d3-polygon/src/centroid.js
<s> [webpack.Progress] 64% building 546/600 modules 54 active /app/deployment/frontend/node_modules/d3-interpolate/src/quantize.js
<s> [webpack.Progress] 64% building 546/601 modules 55 active /app/deployment/frontend/node_modules/d3-interpolate/src/piecewise.js
<s> [webpack.Progress] 64% building 546/602 modules 56 active /app/deployment/frontend/node_modules/d3-interpolate/src/cubehelix.js
<s> [webpack.Progress] 64% building 546/603 modules 57 active /app/deployment/frontend/node_modules/d3-interpolate/src/hcl.js
<s> [webpack.Progress] 64% building 546/604 modules 58 active /app/deployment/frontend/node_modules/d3-interpolate/src/lab.js
<s> [webpack.Progress] 64% building 546/605 modules 59 active /app/deployment/frontend/node_modules/d3-interpolate/src/hsl.js
<s> [webpack.Progress] 64% building 546/606 modules 60 active /app/deployment/frontend/node_modules/d3-interpolate/src/zoom.js
<s> [webpack.Progress] 63% building 546/607 modules 61 active /app/deployment/frontend/node_modules/d3-scale/src/nice.js
<s> [webpack.Progress] 63% building 546/608 modules 62 active /app/deployment/frontend/node_modules/d3-interpolate/src/round.js
<s> [webpack.Progress] 63% building 546/609 modules 63 active /app/deployment/frontend/node_modules/d3-scale/src/number.js
<s> [webpack.Progress] 63% building 547/609 modules 62 active /app/deployment/frontend/node_modules/d3-scale/src/number.js
<s> [webpack.Progress] 63% building 548/609 modules 61 active /app/deployment/frontend/node_modules/d3-scale/src/number.js
<s> [webpack.Progress] 63% building 548/610 modules 62 active /app/deployment/frontend/node_modules/d3-interpolate/src/hue.js
<s> [webpack.Progress] 64% building 549/610 modules 61 active /app/deployment/frontend/node_modules/d3-interpolate/src/hue.js
<s> [webpack.Progress] 63% building 549/611 modules 62 active /app/deployment/frontend/node_modules/d3-interpolate/src/discrete.js
<s> [webpack.Progress] 63% building 549/612 modules 63 active /app/deployment/frontend/node_modules/d3-geo/src/transform.js
<s> [webpack.Progress] 63% building 549/613 modules 64 active /app/deployment/frontend/node_modules/d3-geo/src/rotation.js
<s> [webpack.Progress] 63% building 550/613 modules 63 active /app/deployment/frontend/node_modules/d3-geo/src/rotation.js
<s> [webpack.Progress] 63% building 551/613 modules 62 active /app/deployment/frontend/node_modules/d3-geo/src/rotation.js
<s> [webpack.Progress] 64% building 552/613 modules 61 active /app/deployment/frontend/node_modules/d3-geo/src/rotation.js
<s> [webpack.Progress] 64% building 553/613 modules 60 active /app/deployment/frontend/node_modules/d3-geo/src/rotation.js
<s> [webpack.Progress] 64% building 554/613 modules 59 active /app/deployment/frontend/node_modules/d3-geo/src/rotation.js
<s> [webpack.Progress] 64% building 555/613 modules 58 active /app/deployment/frontend/node_modules/d3-geo/src/rotation.js
<s> [webpack.Progress] 64% building 556/613 modules 57 active /app/deployment/frontend/node_modules/d3-geo/src/rotation.js
<s> [webpack.Progress] 64% building 557/613 modules 56 active /app/deployment/frontend/node_modules/d3-geo/src/rotation.js
<s> [webpack.Progress] 64% building 557/614 modules 57 active /app/deployment/frontend/node_modules/d3-hierarchy/src/pack/enclose.js
<s> [webpack.Progress] 64% building 557/615 modules 58 active /app/deployment/frontend/node_modules/d3-hierarchy/src/pack/siblings.js
<s> [webpack.Progress] 64% building 557/616 modules 59 active /app/deployment/frontend/node_modules/d3-hierarchy/src/pack/index.js
<s> [webpack.Progress] 64% building 557/617 modules 60 active /app/deployment/frontend/node_modules/d3-hierarchy/src/hierarchy/index.js
<s> [webpack.Progress] 64% building 558/617 modules 59 active /app/deployment/frontend/node_modules/d3-hierarchy/src/hierarchy/index.js
<s> [webpack.Progress] 64% building 558/618 modules 60 active /app/deployment/frontend/node_modules/d3-interpolate/src/transform/index.js
<s> [webpack.Progress] 64% building 559/618 modules 59 active /app/deployment/frontend/node_modules/d3-interpolate/src/transform/index.js
<s> [webpack.Progress] 64% building 560/618 modules 58 active /app/deployment/frontend/node_modules/d3-interpolate/src/transform/index.js
<s> [webpack.Progress] 64% building 561/618 modules 57 active /app/deployment/frontend/node_modules/d3-interpolate/src/transform/index.js
<s> [webpack.Progress] 64% building 562/618 modules 56 active /app/deployment/frontend/node_modules/d3-interpolate/src/transform/index.js
<s> [webpack.Progress] 64% building 563/618 modules 55 active /app/deployment/frontend/node_modules/d3-interpolate/src/transform/index.js
<s> [webpack.Progress] 64% building 564/618 modules 54 active /app/deployment/frontend/node_modules/d3-interpolate/src/transform/index.js
<s> [webpack.Progress] 64% building 565/618 modules 53 active /app/deployment/frontend/node_modules/d3-interpolate/src/transform/index.js
<s> [webpack.Progress] 64% building 566/618 modules 52 active /app/deployment/frontend/node_modules/d3-interpolate/src/transform/index.js
<s> [webpack.Progress] 65% building 567/618 modules 51 active /app/deployment/frontend/node_modules/d3-interpolate/src/transform/index.js
<s> [webpack.Progress] 65% building 568/618 modules 50 active /app/deployment/frontend/node_modules/d3-interpolate/src/transform/index.js
<s> [webpack.Progress] 65% building 569/618 modules 49 active /app/deployment/frontend/node_modules/d3-interpolate/src/transform/index.js
<s> [webpack.Progress] 65% building 570/618 modules 48 active /app/deployment/frontend/node_modules/d3-interpolate/src/transform/index.js
<s> [webpack.Progress] 65% building 571/618 modules 47 active /app/deployment/frontend/node_modules/d3-interpolate/src/transform/index.js
<s> [webpack.Progress] 65% building 572/618 modules 46 active /app/deployment/frontend/node_modules/d3-interpolate/src/transform/index.js
<s> [webpack.Progress] 65% building 573/618 modules 45 active /app/deployment/frontend/node_modules/d3-interpolate/src/transform/index.js
<s> [webpack.Progress] 65% building 574/618 modules 44 active /app/deployment/frontend/node_modules/d3-interpolate/src/transform/index.js
<s> [webpack.Progress] 65% building 575/618 modules 43 active /app/deployment/frontend/node_modules/d3-interpolate/src/transform/index.js
<s> [webpack.Progress] 65% building 575/619 modules 44 active /app/deployment/frontend/node_modules/d3-geo/src/length.js
<s> [webpack.Progress] 65% building 575/620 modules 45 active /app/deployment/frontend/node_modules/d3-geo/src/interpolate.js
<s> [webpack.Progress] 65% building 575/621 modules 46 active /app/deployment/frontend/node_modules/d3-geo/src/graticule.js
<s> [webpack.Progress] 65% building 575/622 modules 47 active /app/deployment/frontend/node_modules/d3-geo/src/distance.js
<s> [webpack.Progress] 65% building 575/623 modules 48 active /app/deployment/frontend/node_modules/d3-geo/src/contains.js
<s> [webpack.Progress] 65% building 576/623 modules 47 active /app/deployment/frontend/node_modules/d3-geo/src/contains.js
<s> [webpack.Progress] 65% building 576/624 modules 48 active /app/deployment/frontend/node_modules/d3-geo/src/projection/transverseMercator.js
<s> [webpack.Progress] 65% building 576/625 modules 49 active /app/deployment/frontend/node_modules/d3-geo/src/projection/orthographic.js
<s> [webpack.Progress] 65% building 576/626 modules 50 active /app/deployment/frontend/node_modules/d3-geo/src/projection/stereographic.js
<s> [webpack.Progress] 65% building 576/627 modules 51 active /app/deployment/frontend/node_modules/d3-geo/src/projection/naturalEarth1.js
<s> [webpack.Progress] 65% building 576/628 modules 52 active /app/deployment/frontend/node_modules/d3-geo/src/projection/mercator.js
<s> [webpack.Progress] 64% building 576/629 modules 53 active /app/deployment/frontend/node_modules/d3-geo/src/projection/index.js
<s> [webpack.Progress] 64% building 576/630 modules 54 active /app/deployment/frontend/node_modules/d3-geo/src/projection/identity.js
<s> [webpack.Progress] 64% building 576/631 modules 55 active /app/deployment/frontend/node_modules/d3-geo/src/projection/gnomonic.js
<s> [webpack.Progress] 64% building 576/632 modules 56 active /app/deployment/frontend/node_modules/d3-geo/src/projection/equirectangular.js
<s> [webpack.Progress] 64% building 576/633 modules 57 active /app/deployment/frontend/node_modules/d3-geo/src/projection/equalEarth.js
<s> [webpack.Progress] 64% building 576/634 modules 58 active /app/deployment/frontend/node_modules/d3-geo/src/projection/conicEquidistant.js
<s> [webpack.Progress] 64% building 576/635 modules 59 active /app/deployment/frontend/node_modules/d3-geo/src/projection/conicEqualArea.js
<s> [webpack.Progress] 64% building 576/636 modules 60 active /app/deployment/frontend/node_modules/d3-geo/src/projection/conicConformal.js
<s> [webpack.Progress] 64% building 576/637 modules 61 active /app/deployment/frontend/node_modules/d3-geo/src/projection/azimuthalEquidistant.js
<s> [webpack.Progress] 64% building 576/638 modules 62 active /app/deployment/frontend/node_modules/d3-geo/src/projection/albersUsa.js
<s> [webpack.Progress] 64% building 576/639 modules 63 active /app/deployment/frontend/node_modules/d3-geo/src/projection/azimuthalEqualArea.js
<s> [webpack.Progress] 64% building 576/640 modules 64 active /app/deployment/frontend/node_modules/d3-geo/src/projection/albers.js
<s> [webpack.Progress] 63% building 576/641 modules 65 active /app/deployment/frontend/node_modules/d3-geo/src/circle.js
<s> [webpack.Progress] 64% building 577/641 modules 64 active /app/deployment/frontend/node_modules/d3-geo/src/circle.js
<s> [webpack.Progress] 64% building 578/641 modules 63 active /app/deployment/frontend/node_modules/d3-geo/src/circle.js
<s> [webpack.Progress] 64% building 579/641 modules 62 active /app/deployment/frontend/node_modules/d3-geo/src/circle.js
<s> [webpack.Progress] 64% building 580/641 modules 61 active /app/deployment/frontend/node_modules/d3-geo/src/circle.js
<s> [webpack.Progress] 64% building 580/642 modules 62 active /app/deployment/frontend/node_modules/d3-geo/src/centroid.js
<s> [webpack.Progress] 64% building 581/642 modules 61 active /app/deployment/frontend/node_modules/d3-geo/src/centroid.js
<s> [webpack.Progress] 64% building 582/642 modules 60 active /app/deployment/frontend/node_modules/d3-geo/src/centroid.js
<s> [webpack.Progress] 64% building 583/642 modules 59 active /app/deployment/frontend/node_modules/d3-geo/src/centroid.js
<s> [webpack.Progress] 64% building 584/642 modules 58 active /app/deployment/frontend/node_modules/d3-geo/src/centroid.js
<s> [webpack.Progress] 64% building 585/642 modules 57 active /app/deployment/frontend/node_modules/d3-geo/src/centroid.js
<s> [webpack.Progress] 64% building 586/642 modules 56 active /app/deployment/frontend/node_modules/d3-geo/src/centroid.js
<s> [webpack.Progress] 64% building 587/642 modules 55 active /app/deployment/frontend/node_modules/d3-geo/src/centroid.js
<s> [webpack.Progress] 64% building 588/642 modules 54 active /app/deployment/frontend/node_modules/d3-geo/src/centroid.js
<s> [webpack.Progress] 65% building 589/642 modules 53 active /app/deployment/frontend/node_modules/d3-geo/src/centroid.js
<s> [webpack.Progress] 65% building 590/642 modules 52 active /app/deployment/frontend/node_modules/d3-geo/src/centroid.js
<s> [webpack.Progress] 65% building 591/642 modules 51 active /app/deployment/frontend/node_modules/d3-geo/src/centroid.js
<s> [webpack.Progress] 65% building 592/642 modules 50 active /app/deployment/frontend/node_modules/d3-geo/src/centroid.js
<s> [webpack.Progress] 65% building 593/642 modules 49 active /app/deployment/frontend/node_modules/d3-geo/src/centroid.js
<s> [webpack.Progress] 65% building 594/642 modules 48 active /app/deployment/frontend/node_modules/d3-geo/src/centroid.js
<s> [webpack.Progress] 65% building 595/642 modules 47 active /app/deployment/frontend/node_modules/d3-geo/src/centroid.js
<s> [webpack.Progress] 65% building 596/642 modules 46 active /app/deployment/frontend/node_modules/d3-geo/src/centroid.js
<s> [webpack.Progress] 65% building 596/643 modules 47 active /app/deployment/frontend/node_modules/d3-geo/src/bounds.js
<s> [webpack.Progress] 65% building 596/644 modules 48 active /app/deployment/frontend/node_modules/d3-format/src/precisionRound.js
<s> [webpack.Progress] 65% building 596/645 modules 49 active /app/deployment/frontend/node_modules/d3-format/src/precisionPrefix.js
<s> [webpack.Progress] 65% building 596/646 modules 50 active /app/deployment/frontend/node_modules/d3-format/src/precisionFixed.js
<s> [webpack.Progress] 65% building 596/647 modules 51 active /app/deployment/frontend/node_modules/d3-force/src/y.js
<s> [webpack.Progress] 65% building 596/648 modules 52 active /app/deployment/frontend/node_modules/d3-force/src/x.js
<s> [webpack.Progress] 65% building 596/649 modules 53 active /app/deployment/frontend/node_modules/d3-force/src/simulation.js
<s> [webpack.Progress] 65% building 596/650 modules 54 active /app/deployment/frontend/node_modules/d3-force/src/radial.js
<s> [webpack.Progress] 64% building 596/651 modules 55 active /app/deployment/frontend/node_modules/d3-force/src/manyBody.js
<s> [webpack.Progress] 65% building 597/651 modules 54 active /app/deployment/frontend/node_modules/d3-force/src/manyBody.js
<s> [webpack.Progress] 65% building 598/651 modules 53 active /app/deployment/frontend/node_modules/d3-force/src/manyBody.js
<s> [webpack.Progress] 65% building 599/651 modules 52 active /app/deployment/frontend/node_modules/d3-force/src/manyBody.js
<s> [webpack.Progress] 65% building 600/651 modules 51 active /app/deployment/frontend/node_modules/d3-force/src/manyBody.js
<s> [webpack.Progress] 65% building 601/651 modules 50 active /app/deployment/frontend/node_modules/d3-force/src/manyBody.js
<s> [webpack.Progress] 65% building 602/651 modules 49 active /app/deployment/frontend/node_modules/d3-force/src/manyBody.js
<s> [webpack.Progress] 65% building 603/651 modules 48 active /app/deployment/frontend/node_modules/d3-force/src/manyBody.js
<s> [webpack.Progress] 65% building 604/651 modules 47 active /app/deployment/frontend/node_modules/d3-force/src/manyBody.js
<s> [webpack.Progress] 65% building 605/651 modules 46 active /app/deployment/frontend/node_modules/d3-force/src/manyBody.js
<s> [webpack.Progress] 65% building 606/651 modules 45 active /app/deployment/frontend/node_modules/d3-force/src/manyBody.js
<s> [webpack.Progress] 65% building 607/651 modules 44 active /app/deployment/frontend/node_modules/d3-force/src/manyBody.js
<s> [webpack.Progress] 66% building 608/651 modules 43 active /app/deployment/frontend/node_modules/d3-force/src/manyBody.js
<s> [webpack.Progress] 66% building 609/651 modules 42 active /app/deployment/frontend/node_modules/d3-force/src/manyBody.js
<s> [webpack.Progress] 66% building 609/652 modules 43 active /app/deployment/frontend/node_modules/d3-geo/src/path/index.js
<s> [webpack.Progress] 65% building 609/653 modules 44 active /app/deployment/frontend/node_modules/d3-geo/src/clip/rectangle.js
<s> [webpack.Progress] 65% building 609/654 modules 45 active /app/deployment/frontend/node_modules/d3-geo/src/clip/extent.js
<s> [webpack.Progress] 65% building 609/655 modules 46 active /app/deployment/frontend/node_modules/d3-geo/src/clip/circle.js
<s> [webpack.Progress] 65% building 609/656 modules 47 active /app/deployment/frontend/node_modules/d3-geo/src/clip/antimeridian.js
<s> [webpack.Progress] 65% building 610/656 modules 46 active /app/deployment/frontend/node_modules/d3-geo/src/clip/antimeridian.js
<s> [webpack.Progress] 65% building 611/656 modules 45 active /app/deployment/frontend/node_modules/d3-geo/src/clip/antimeridian.js
<s> [webpack.Progress] 65% building 612/656 modules 44 active /app/deployment/frontend/node_modules/d3-geo/src/clip/antimeridian.js
<s> [webpack.Progress] 66% building 613/656 modules 43 active /app/deployment/frontend/node_modules/d3-geo/src/clip/antimeridian.js
<s> [webpack.Progress] 65% building 613/657 modules 44 active /app/deployment/frontend/node_modules/d3-force/src/link.js
<s> [webpack.Progress] 65% building 613/658 modules 45 active /app/deployment/frontend/node_modules/d3-force/src/collide.js
<s> [webpack.Progress] 65% building 613/659 modules 46 active /app/deployment/frontend/node_modules/d3-ease/src/elastic.js
<s> [webpack.Progress] 65% building 614/659 modules 45 active /app/deployment/frontend/node_modules/d3-ease/src/elastic.js
<s> [webpack.Progress] 65% building 615/659 modules 44 active /app/deployment/frontend/node_modules/d3-ease/src/elastic.js
<s> [webpack.Progress] 66% building 616/659 modules 43 active /app/deployment/frontend/node_modules/d3-ease/src/elastic.js
<s> [webpack.Progress] 65% building 616/660 modules 44 active /app/deployment/frontend/node_modules/d3-selection/src/selection/sparse.js
<s> [webpack.Progress] 65% building 616/661 modules 45 active /app/deployment/frontend/node_modules/d3-selection/src/constant.js
<s> [webpack.Progress] 65% building 616/662 modules 46 active /app/deployment/frontend/node_modules/d3-ease/src/back.js
<s> [webpack.Progress] 65% building 616/663 modules 47 active /app/deployment/frontend/node_modules/d3-ease/src/bounce.js
<s> [webpack.Progress] 65% building 616/664 modules 48 active /app/deployment/frontend/node_modules/d3-ease/src/circle.js
<s> [webpack.Progress] 65% building 616/665 modules 49 active /app/deployment/frontend/node_modules/d3-ease/src/exp.js
<s> [webpack.Progress] 65% building 616/666 modules 50 active /app/deployment/frontend/node_modules/d3-ease/src/sin.js
<s> [webpack.Progress] 65% building 616/667 modules 51 active /app/deployment/frontend/node_modules/d3-ease/src/poly.js
<s> [webpack.Progress] 65% building 616/668 modules 52 active /app/deployment/frontend/node_modules/d3-ease/src/cubic.js
<s> [webpack.Progress] 65% building 616/669 modules 53 active /app/deployment/frontend/node_modules/d3-ease/src/quad.js
<s> [webpack.Progress] 65% building 616/670 modules 54 active /app/deployment/frontend/node_modules/d3-hierarchy/src/treemap/round.js
<s> [webpack.Progress] 65% building 616/671 modules 55 active /app/deployment/frontend/node_modules/d3-hierarchy/src/constant.js
<s> [webpack.Progress] 64% building 616/672 modules 56 active /app/deployment/frontend/node_modules/d3-hierarchy/src/accessors.js
<s> [webpack.Progress] 64% building 616/673 modules 57 active /app/deployment/frontend/node_modules/d3-fetch/src/xml.js
<s> [webpack.Progress] 65% building 617/673 modules 56 active /app/deployment/frontend/node_modules/d3-fetch/src/xml.js
<s> [webpack.Progress] 65% building 618/673 modules 55 active /app/deployment/frontend/node_modules/d3-fetch/src/xml.js
<s> [webpack.Progress] 65% building 618/674 modules 56 active /app/deployment/frontend/node_modules/d3-fetch/src/text.js
<s> [webpack.Progress] 64% building 618/675 modules 57 active /app/deployment/frontend/node_modules/d3-fetch/src/json.js
<s> [webpack.Progress] 64% building 618/676 modules 58 active /app/deployment/frontend/node_modules/d3-fetch/src/image.js
<s> [webpack.Progress] 64% building 618/677 modules 59 active /app/deployment/frontend/node_modules/d3-fetch/src/dsv.js
<s> [webpack.Progress] 64% building 618/678 modules 60 active /app/deployment/frontend/node_modules/d3-fetch/src/buffer.js
<s> [webpack.Progress] 64% building 618/679 modules 61 active /app/deployment/frontend/node_modules/d3-dsv/src/autoType.js
<s> [webpack.Progress] 64% building 618/680 modules 62 active /app/deployment/frontend/node_modules/d3-dsv/src/tsv.js
<s> [webpack.Progress] 64% building 618/681 modules 63 active /app/deployment/frontend/node_modules/d3-dsv/src/csv.js
<s> [webpack.Progress] 64% building 618/682 modules 64 active /app/deployment/frontend/node_modules/d3-contour/src/density.js
<s> [webpack.Progress] 64% building 618/683 modules 65 active /app/deployment/frontend/node_modules/d3-scale/src/constant.js
<s> [webpack.Progress] 64% building 618/684 modules 66 active /app/deployment/frontend/node_modules/d3-chord/src/ribbon.js
<s> [webpack.Progress] 64% building 619/684 modules 65 active /app/deployment/frontend/node_modules/d3-chord/src/ribbon.js
<s> [webpack.Progress] 64% building 620/684 modules 64 active /app/deployment/frontend/node_modules/d3-chord/src/ribbon.js
<s> [webpack.Progress] 64% building 621/684 modules 63 active /app/deployment/frontend/node_modules/d3-chord/src/ribbon.js
<s> [webpack.Progress] 64% building 622/684 modules 62 active /app/deployment/frontend/node_modules/d3-chord/src/ribbon.js
<s> [webpack.Progress] 64% building 623/684 modules 61 active /app/deployment/frontend/node_modules/d3-chord/src/ribbon.js
<s> [webpack.Progress] 64% building 624/684 modules 60 active /app/deployment/frontend/node_modules/d3-chord/src/ribbon.js
<s> [webpack.Progress] 64% building 625/684 modules 59 active /app/deployment/frontend/node_modules/d3-chord/src/ribbon.js
<s> [webpack.Progress] 64% building 626/684 modules 58 active /app/deployment/frontend/node_modules/d3-chord/src/ribbon.js
<s> [webpack.Progress] 64% building 627/684 modules 57 active /app/deployment/frontend/node_modules/d3-chord/src/ribbon.js
<s> [webpack.Progress] 65% building 628/684 modules 56 active /app/deployment/frontend/node_modules/d3-chord/src/ribbon.js
<s> [webpack.Progress] 65% building 629/684 modules 55 active /app/deployment/frontend/node_modules/d3-chord/src/ribbon.js
<s> [webpack.Progress] 65% building 630/684 modules 54 active /app/deployment/frontend/node_modules/d3-chord/src/ribbon.js
<s> [webpack.Progress] 65% building 631/684 modules 53 active /app/deployment/frontend/node_modules/d3-chord/src/ribbon.js
<s> [webpack.Progress] 65% building 632/684 modules 52 active /app/deployment/frontend/node_modules/d3-chord/src/ribbon.js
<s> [webpack.Progress] 65% building 633/684 modules 51 active /app/deployment/frontend/node_modules/d3-chord/src/ribbon.js
<s> [webpack.Progress] 65% building 634/684 modules 50 active /app/deployment/frontend/node_modules/d3-chord/src/ribbon.js
<s> [webpack.Progress] 65% building 635/684 modules 49 active /app/deployment/frontend/node_modules/d3-chord/src/ribbon.js
<s> [webpack.Progress] 65% building 636/684 modules 48 active /app/deployment/frontend/node_modules/d3-chord/src/ribbon.js
<s> [webpack.Progress] 65% building 637/684 modules 47 active /app/deployment/frontend/node_modules/d3-chord/src/ribbon.js
<s> [webpack.Progress] 65% building 638/684 modules 46 active /app/deployment/frontend/node_modules/d3-chord/src/ribbon.js
<s> [webpack.Progress] 66% building 639/684 modules 45 active /app/deployment/frontend/node_modules/d3-chord/src/ribbon.js
<s> [webpack.Progress] 66% building 640/684 modules 44 active /app/deployment/frontend/node_modules/d3-chord/src/ribbon.js
<s> [webpack.Progress] 66% building 640/685 modules 45 active /app/deployment/frontend/node_modules/d3-polygon/src/cross.js
<s> [webpack.Progress] 66% building 641/685 modules 44 active /app/deployment/frontend/node_modules/d3-polygon/src/cross.js
<s> [webpack.Progress] 66% building 642/685 modules 43 active /app/deployment/frontend/node_modules/d3-polygon/src/cross.js
<s> [webpack.Progress] 66% building 642/686 modules 44 active /app/deployment/frontend/node_modules/d3-geo/src/compose.js
<s> [webpack.Progress] 66% building 643/686 modules 43 active /app/deployment/frontend/node_modules/d3-geo/src/compose.js
<s> [webpack.Progress] 66% building 644/686 modules 42 active /app/deployment/frontend/node_modules/d3-geo/src/compose.js
<s> [webpack.Progress] 66% building 645/686 modules 41 active /app/deployment/frontend/node_modules/d3-geo/src/compose.js
<s> [webpack.Progress] 66% building 646/686 modules 40 active /app/deployment/frontend/node_modules/d3-geo/src/compose.js
<s> [webpack.Progress] 66% building 647/686 modules 39 active /app/deployment/frontend/node_modules/d3-geo/src/compose.js
<s> [webpack.Progress] 66% building 648/686 modules 38 active /app/deployment/frontend/node_modules/d3-geo/src/compose.js
<s> [webpack.Progress] 66% building 649/686 modules 37 active /app/deployment/frontend/node_modules/d3-geo/src/compose.js
<s> [webpack.Progress] 66% building 650/686 modules 36 active /app/deployment/frontend/node_modules/d3-geo/src/compose.js
<s> [webpack.Progress] 66% building 651/686 modules 35 active /app/deployment/frontend/node_modules/d3-geo/src/compose.js
<s> [webpack.Progress] 67% building 652/686 modules 34 active /app/deployment/frontend/node_modules/d3-geo/src/compose.js
<s> [webpack.Progress] 66% building 652/687 modules 35 active /app/deployment/frontend/node_modules/d3-hierarchy/src/array.js
<s> [webpack.Progress] 66% building 652/688 modules 36 active /app/deployment/frontend/node_modules/d3-hierarchy/src/hierarchy/count.js
<s> [webpack.Progress] 66% building 652/689 modules 37 active /app/deployment/frontend/node_modules/d3-hierarchy/src/hierarchy/each.js
<s> [webpack.Progress] 66% building 652/690 modules 38 active /app/deployment/frontend/node_modules/d3-hierarchy/src/hierarchy/eachBefore.js
<s> [webpack.Progress] 66% building 652/691 modules 39 active /app/deployment/frontend/node_modules/d3-hierarchy/src/hierarchy/eachAfter.js
<s> [webpack.Progress] 66% building 652/692 modules 40 active /app/deployment/frontend/node_modules/d3-hierarchy/src/hierarchy/find.js
<s> [webpack.Progress] 66% building 652/693 modules 41 active /app/deployment/frontend/node_modules/d3-hierarchy/src/hierarchy/sum.js
<s> [webpack.Progress] 66% building 652/694 modules 42 active /app/deployment/frontend/node_modules/d3-hierarchy/src/hierarchy/sort.js
<s> [webpack.Progress] 66% building 652/695 modules 43 active /app/deployment/frontend/node_modules/d3-hierarchy/src/hierarchy/path.js
<s> [webpack.Progress] 66% building 652/696 modules 44 active /app/deployment/frontend/node_modules/d3-hierarchy/src/hierarchy/ancestors.js
<s> [webpack.Progress] 66% building 652/697 modules 45 active /app/deployment/frontend/node_modules/d3-hierarchy/src/hierarchy/descendants.js
<s> [webpack.Progress] 66% building 652/698 modules 46 active /app/deployment/frontend/node_modules/d3-hierarchy/src/hierarchy/leaves.js
<s> [webpack.Progress] 65% building 652/699 modules 47 active /app/deployment/frontend/node_modules/d3-hierarchy/src/hierarchy/links.js
<s> [webpack.Progress] 65% building 652/700 modules 48 active /app/deployment/frontend/node_modules/d3-hierarchy/src/hierarchy/iterator.js
<s> [webpack.Progress] 65% building 653/700 modules 47 active /app/deployment/frontend/node_modules/d3-hierarchy/src/hierarchy/iterator.js
<s> [webpack.Progress] 66% building 654/700 modules 46 active /app/deployment/frontend/node_modules/d3-hierarchy/src/hierarchy/iterator.js
<s> [webpack.Progress] 66% building 655/700 modules 45 active /app/deployment/frontend/node_modules/d3-hierarchy/src/hierarchy/iterator.js
<s> [webpack.Progress] 66% building 656/700 modules 44 active /app/deployment/frontend/node_modules/d3-hierarchy/src/hierarchy/iterator.js
<s> [webpack.Progress] 66% building 657/700 modules 43 active /app/deployment/frontend/node_modules/d3-hierarchy/src/hierarchy/iterator.js
<s> [webpack.Progress] 66% building 657/701 modules 44 active /app/deployment/frontend/node_modules/d3-interpolate/src/transform/parse.js
<s> [webpack.Progress] 66% building 658/701 modules 43 active /app/deployment/frontend/node_modules/d3-interpolate/src/transform/parse.js
<s> [webpack.Progress] 66% building 659/701 modules 42 active /app/deployment/frontend/node_modules/d3-interpolate/src/transform/parse.js
<s> [webpack.Progress] 66% building 660/701 modules 41 active /app/deployment/frontend/node_modules/d3-interpolate/src/transform/parse.js
<s> [webpack.Progress] 66% building 661/701 modules 40 active /app/deployment/frontend/node_modules/d3-interpolate/src/transform/parse.js
<s> [webpack.Progress] 66% building 662/701 modules 39 active /app/deployment/frontend/node_modules/d3-interpolate/src/transform/parse.js
<s> [webpack.Progress] 66% building 663/701 modules 38 active /app/deployment/frontend/node_modules/d3-interpolate/src/transform/parse.js
<s> [webpack.Progress] 66% building 664/701 modules 37 active /app/deployment/frontend/node_modules/d3-interpolate/src/transform/parse.js
<s> [webpack.Progress] 66% building 665/701 modules 36 active /app/deployment/frontend/node_modules/d3-interpolate/src/transform/parse.js
<s> [webpack.Progress] 67% building 666/701 modules 35 active /app/deployment/frontend/node_modules/d3-interpolate/src/transform/parse.js
<s> [webpack.Progress] 67% building 667/701 modules 34 active /app/deployment/frontend/node_modules/d3-interpolate/src/transform/parse.js
<s> [webpack.Progress] 67% building 668/701 modules 33 active /app/deployment/frontend/node_modules/d3-interpolate/src/transform/parse.js
<s> [webpack.Progress] 67% building 669/701 modules 32 active /app/deployment/frontend/node_modules/d3-interpolate/src/transform/parse.js
<s> [webpack.Progress] 67% building 670/701 modules 31 active /app/deployment/frontend/node_modules/d3-interpolate/src/transform/parse.js
<s> [webpack.Progress] 67% building 671/701 modules 30 active /app/deployment/frontend/node_modules/d3-interpolate/src/transform/parse.js
<s> [webpack.Progress] 67% building 672/701 modules 29 active /app/deployment/frontend/node_modules/d3-interpolate/src/transform/parse.js
<s> [webpack.Progress] 67% building 673/701 modules 28 active /app/deployment/frontend/node_modules/d3-interpolate/src/transform/parse.js
<s> [webpack.Progress] 67% building 673/702 modules 29 active /app/deployment/frontend/node_modules/d3-geo/src/polygonContains.js
<s> [webpack.Progress] 67% building 673/703 modules 30 active /app/deployment/frontend/node_modules/d3-geo/src/projection/azimuthal.js
<s> [webpack.Progress] 67% building 673/704 modules 31 active /app/deployment/frontend/node_modules/d3-geo/src/identity.js
<s> [webpack.Progress] 67% building 673/705 modules 32 active /app/deployment/frontend/node_modules/d3-geo/src/projection/resample.js
<s> [webpack.Progress] 67% building 673/706 modules 33 active /app/deployment/frontend/node_modules/d3-geo/src/projection/fit.js
<s> [webpack.Progress] 67% building 673/707 modules 34 active /app/deployment/frontend/node_modules/d3-geo/src/projection/conic.js
<s> [webpack.Progress] 67% building 673/708 modules 35 active /app/deployment/frontend/node_modules/d3-geo/src/projection/cylindricalEqualArea.js
<s> [webpack.Progress] 66% building 673/709 modules 36 active /app/deployment/frontend/node_modules/d3-geo/src/cartesian.js
<s> [webpack.Progress] 66% building 673/710 modules 37 active /app/deployment/frontend/node_modules/d3-geo/src/constant.js
<s> [webpack.Progress] 66% building 674/710 modules 36 active /app/deployment/frontend/node_modules/d3-geo/src/constant.js
<s> [webpack.Progress] 67% building 675/710 modules 35 active /app/deployment/frontend/node_modules/d3-geo/src/constant.js
<s> [webpack.Progress] 67% building 676/710 modules 34 active /app/deployment/frontend/node_modules/d3-geo/src/constant.js
<s> [webpack.Progress] 67% building 677/710 modules 33 active /app/deployment/frontend/node_modules/d3-geo/src/constant.js
<s> [webpack.Progress] 67% building 678/710 modules 32 active /app/deployment/frontend/node_modules/d3-geo/src/constant.js
<s> [webpack.Progress] 67% building 679/710 modules 31 active /app/deployment/frontend/node_modules/d3-geo/src/constant.js
<s> [webpack.Progress] 67% building 680/710 modules 30 active /app/deployment/frontend/node_modules/d3-geo/src/constant.js
<s> [webpack.Progress] 67% building 681/710 modules 29 active /app/deployment/frontend/node_modules/d3-geo/src/constant.js
<s> [webpack.Progress] 67% building 682/710 modules 28 active /app/deployment/frontend/node_modules/d3-geo/src/constant.js
<s> [webpack.Progress] 67% building 683/710 modules 27 active /app/deployment/frontend/node_modules/d3-geo/src/constant.js
<s> [webpack.Progress] 67% building 684/710 modules 26 active /app/deployment/frontend/node_modules/d3-geo/src/constant.js
<s> [webpack.Progress] 67% building 684/711 modules 27 active /app/deployment/frontend/node_modules/d3-force/src/jiggle.js
<s> [webpack.Progress] 67% building 684/712 modules 28 active /app/deployment/frontend/node_modules/d3-force/src/lcg.js
<s> [webpack.Progress] 67% building 684/713 modules 29 active /app/deployment/frontend/node_modules/d3-force/src/constant.js
<s> [webpack.Progress] 67% building 685/713 modules 28 active /app/deployment/frontend/node_modules/d3-force/src/constant.js
<s> [webpack.Progress] 67% building 685/714 modules 29 active /app/deployment/frontend/node_modules/d3-geo/src/path/bounds.js
<s> [webpack.Progress] 67% building 685/715 modules 30 active /app/deployment/frontend/node_modules/d3-geo/src/path/centroid.js
<s> [webpack.Progress] 67% building 685/716 modules 31 active /app/deployment/frontend/node_modules/d3-geo/src/path/area.js
<s> [webpack.Progress] 67% building 685/717 modules 32 active /app/deployment/frontend/node_modules/d3-geo/src/path/context.js
<s> [webpack.Progress] 67% building 685/718 modules 33 active /app/deployment/frontend/node_modules/d3-geo/src/path/measure.js
<s> [webpack.Progress] 67% building 685/719 modules 34 active /app/deployment/frontend/node_modules/d3-geo/src/path/string.js
<s> [webpack.Progress] 67% building 685/720 modules 35 active /app/deployment/frontend/node_modules/d3-geo/src/clip/buffer.js
<s> [webpack.Progress] 67% building 685/721 modules 36 active /app/deployment/frontend/node_modules/d3-geo/src/clip/line.js
<s> [webpack.Progress] 66% building 685/722 modules 37 active /app/deployment/frontend/node_modules/d3-geo/src/clip/rejoin.js
<s> [webpack.Progress] 66% building 685/723 modules 38 active /app/deployment/frontend/node_modules/d3-geo/src/pointEqual.js
<s> [webpack.Progress] 66% building 685/724 modules 39 active /app/deployment/frontend/node_modules/d3-geo/src/clip/index.js
<s> [webpack.Progress] 66% building 686/724 modules 38 active /app/deployment/frontend/node_modules/d3-geo/src/clip/index.js
<s> [webpack.Progress] 66% building 686/725 modules 39 active /app/deployment/frontend/node_modules/d3-ease/src/math.js
<s> [webpack.Progress] 66% building 687/725 modules 38 active /app/deployment/frontend/node_modules/d3-ease/src/math.js
<s> [webpack.Progress] 66% building 688/725 modules 37 active /app/deployment/frontend/node_modules/d3-ease/src/math.js
<s> [webpack.Progress] 67% building 689/725 modules 36 active /app/deployment/frontend/node_modules/d3-ease/src/math.js
<s> [webpack.Progress] 67% building 690/725 modules 35 active /app/deployment/frontend/node_modules/d3-ease/src/math.js
<s> [webpack.Progress] 67% building 691/725 modules 34 active /app/deployment/frontend/node_modules/d3-ease/src/math.js
<s> [webpack.Progress] 67% building 692/725 modules 33 active /app/deployment/frontend/node_modules/d3-ease/src/math.js
<s> [webpack.Progress] 67% building 693/725 modules 32 active /app/deployment/frontend/node_modules/d3-ease/src/math.js
<s> [webpack.Progress] 67% building 694/725 modules 31 active /app/deployment/frontend/node_modules/d3-ease/src/math.js
<s> [webpack.Progress] 67% building 695/725 modules 30 active /app/deployment/frontend/node_modules/d3-ease/src/math.js
<s> [webpack.Progress] 67% building 696/725 modules 29 active /app/deployment/frontend/node_modules/d3-ease/src/math.js
<s> [webpack.Progress] 67% building 697/725 modules 28 active /app/deployment/frontend/node_modules/d3-ease/src/math.js
<s> [webpack.Progress] 67% building 698/725 modules 27 active /app/deployment/frontend/node_modules/d3-ease/src/math.js
<s> [webpack.Progress] 67% building 699/725 modules 26 active /app/deployment/frontend/node_modules/d3-ease/src/math.js
<s> [webpack.Progress] 67% building 700/725 modules 25 active /app/deployment/frontend/node_modules/d3-ease/src/math.js
<s> [webpack.Progress] 68% building 701/725 modules 24 active /app/deployment/frontend/node_modules/d3-ease/src/math.js
<s> [webpack.Progress] 67% building 701/726 modules 25 active /app/deployment/frontend/node_modules/d3-contour/src/blur.js
<s> [webpack.Progress] 67% building 701/727 modules 26 active /app/deployment/frontend/node_modules/d3-chord/src/array.js
<s> [webpack.Progress] 67% building 701/728 modules 27 active /app/deployment/frontend/node_modules/d3-chord/src/constant.js
<s> [webpack.Progress] 67% building 702/728 modules 26 active /app/deployment/frontend/node_modules/d3-chord/src/constant.js
<s> [webpack.Progress] 67% building 703/728 modules 25 active /app/deployment/frontend/node_modules/d3-chord/src/constant.js
<s> [webpack.Progress] 68% building 704/728 modules 24 active /app/deployment/frontend/node_modules/d3-chord/src/constant.js
<s> [webpack.Progress] 68% building 705/728 modules 23 active /app/deployment/frontend/node_modules/d3-chord/src/constant.js
<s> [webpack.Progress] 68% building 706/728 modules 22 active /app/deployment/frontend/node_modules/d3-chord/src/constant.js
<s> [webpack.Progress] 68% building 707/728 modules 21 active /app/deployment/frontend/node_modules/d3-chord/src/constant.js
<s> [webpack.Progress] 68% building 708/728 modules 20 active /app/deployment/frontend/node_modules/d3-chord/src/constant.js
<s> [webpack.Progress] 68% building 709/728 modules 19 active /app/deployment/frontend/node_modules/d3-chord/src/constant.js
<s> [webpack.Progress] 68% building 710/728 modules 18 active /app/deployment/frontend/node_modules/d3-chord/src/constant.js
<s> [webpack.Progress] 68% building 711/728 modules 17 active /app/deployment/frontend/node_modules/d3-chord/src/constant.js
<s> [webpack.Progress] 68% building 712/728 modules 16 active /app/deployment/frontend/node_modules/d3-chord/src/constant.js
<s> [webpack.Progress] 68% building 713/728 modules 15 active /app/deployment/frontend/node_modules/d3-chord/src/constant.js
<s> [webpack.Progress] 68% building 714/728 modules 14 active /app/deployment/frontend/node_modules/d3-chord/src/constant.js
<s> [webpack.Progress] 68% building 715/728 modules 13 active /app/deployment/frontend/node_modules/d3-chord/src/constant.js
<s> [webpack.Progress] 69% building 716/728 modules 12 active /app/deployment/frontend/node_modules/d3-chord/src/constant.js
<s> [webpack.Progress] 69% building 717/728 modules 11 active /app/deployment/frontend/node_modules/d3-chord/src/constant.js
<s> [webpack.Progress] 69% building 718/728 modules 10 active /app/deployment/frontend/node_modules/d3-chord/src/constant.js
<s> [webpack.Progress] 69% building 719/728 modules 9 active /app/deployment/frontend/node_modules/d3-chord/src/constant.js
<s> [webpack.Progress] 69% building 720/728 modules 8 active /app/deployment/frontend/node_modules/d3-chord/src/constant.js
<s> [webpack.Progress] 69% building 721/728 modules 7 active /app/deployment/frontend/node_modules/d3-chord/src/constant.js
<s> [webpack.Progress] 69% building 722/728 modules 6 active /app/deployment/frontend/node_modules/d3-chord/src/constant.js
<s> [webpack.Progress] 69% building 723/728 modules 5 active /app/deployment/frontend/node_modules/d3-chord/src/constant.js
<s> [webpack.Progress] 69% building 724/728 modules 4 active /app/deployment/frontend/node_modules/d3-chord/src/constant.js
<s> [webpack.Progress] 69% building 724/729 modules 5 active /app/deployment/frontend/node_modules/d3-interpolate/src/transform/decompose.js
<s> [webpack.Progress] 69% building 725/729 modules 4 active /app/deployment/frontend/node_modules/d3-interpolate/src/transform/decompose.js
<s> [webpack.Progress] 69% building 726/729 modules 3 active /app/deployment/frontend/node_modules/d3-interpolate/src/transform/decompose.js
<s> [webpack.Progress] 69% building 727/729 modules 2 active /app/deployment/frontend/node_modules/d3-interpolate/src/transform/decompose.js
<s> [webpack.Progress] 69% building 728/729 modules 1 active /app/deployment/frontend/node_modules/d3-interpolate/src/transform/decompose.js
<s> [webpack.Progress] 70% building 729/729 modules 0 active
<s> [webpack.Progress] 69% building 729/730 modules 1 active /app/deployment/frontend/node_modules/robust-predicates/index.js
<s> [webpack.Progress] 70% building 730/730 modules 0 active
<s> [webpack.Progress] 69% building 730/731 modules 1 active /app/deployment/frontend/node_modules/robust-predicates/esm/orient2d.js
<s> [webpack.Progress] 69% building 730/732 modules 2 active /app/deployment/frontend/node_modules/robust-predicates/esm/incircle.js
<s> [webpack.Progress] 69% building 730/733 modules 3 active /app/deployment/frontend/node_modules/robust-predicates/esm/orient3d.js
<s> [webpack.Progress] 69% building 730/734 modules 4 active /app/deployment/frontend/node_modules/robust-predicates/esm/insphere.js
<s> [webpack.Progress] 69% building 731/734 modules 3 active /app/deployment/frontend/node_modules/robust-predicates/esm/orient3d.js
<s> [webpack.Progress] 69% building 732/734 modules 2 active /app/deployment/frontend/node_modules/robust-predicates/esm/orient3d.js
<s> [webpack.Progress] 69% building 733/734 modules 1 active /app/deployment/frontend/node_modules/robust-predicates/esm/orient3d.js
<s> [webpack.Progress] 70% building 734/734 modules 0 active
<s> [webpack.Progress] 69% building 734/735 modules 1 active /app/deployment/frontend/node_modules/robust-predicates/esm/util.js
<s> [webpack.Progress] 70% building 735/735 modules 0 active
<s> [webpack.Progress] 70% building 735/735 modules 0 active
<s> [webpack.Progress] 70% finish module graph
<s> [webpack.Progress] 70% finish module graph FlagDependencyExportsPlugin
<s> [webpack.Progress] 70% sealing
<s> [webpack.Progress] 70% sealing WarnCaseSensitiveModulesPlugin
<s> [webpack.Progress] 72% basic dependencies optimization
<s> [webpack.Progress] 72% dependencies optimization
<s> [webpack.Progress] 73% advanced dependencies optimization
<s> [webpack.Progress] 73% after dependencies optimization
<s> [webpack.Progress] 71% chunk graph
<s> [webpack.Progress] 71% after chunk graph
<s> [webpack.Progress] 71% after chunk graph WebAssemblyModulesPlugin
<s> [webpack.Progress] 74% optimizing
<s> [webpack.Progress] 74% basic module optimization
<s> [webpack.Progress] 75% module optimization
<s> [webpack.Progress] 75% advanced module optimization
<s> [webpack.Progress] 76% after module optimization
<s> [webpack.Progress] 76% basic chunk optimization
<s> [webpack.Progress] 76% basic chunk optimization EnsureChunkConditionsPlugin
<s> [webpack.Progress] 76% basic chunk optimization RemoveEmptyChunksPlugin
<s> [webpack.Progress] 76% basic chunk optimization MergeDuplicateChunksPlugin
<s> [webpack.Progress] 77% chunk optimization
<s> [webpack.Progress] 77% advanced chunk optimization
<s> [webpack.Progress] 77% advanced chunk optimization SplitChunksPlugin
<s> [webpack.Progress] 77% advanced chunk optimization RemoveEmptyChunksPlugin
<s> [webpack.Progress] 77% after chunk optimization
<s> [webpack.Progress] 78% module and chunk tree optimization
<s> [webpack.Progress] 78% after module and chunk tree optimization
<s> [webpack.Progress] 79% basic chunk modules optimization
<s> [webpack.Progress] 80% chunk modules optimization
<s> [webpack.Progress] 80% advanced chunk modules optimization
<s> [webpack.Progress] 81% after chunk modules optimization
<s> [webpack.Progress] 81% module reviving
<s> [webpack.Progress] 81% module reviving RecordIdsPlugin
<s> [webpack.Progress] 82% module order optimization
<s> [webpack.Progress] 82% advanced module order optimization
<s> [webpack.Progress] 83% before module ids
<s> [webpack.Progress] 83% before module ids NamedModulesPlugin
<s> [webpack.Progress] 83% module ids
<s> [webpack.Progress] 84% module id optimization
<s> [webpack.Progress] 84% module id optimization
<s> [webpack.Progress] 85% chunk reviving
<s> [webpack.Progress] 85% chunk reviving RecordIdsPlugin
<s> [webpack.Progress] 85% chunk order optimization
<s> [webpack.Progress] 85% chunk order optimization OccurrenceOrderChunkIdsPlugin
<s> [webpack.Progress] 86% before chunk ids
<s> [webpack.Progress] 86% before chunk ids NamedChunksPlugin
<s> [webpack.Progress] 86% chunk id optimization
<s> [webpack.Progress] 87% after chunk id optimization
<s> [webpack.Progress] 87% record modules
<s> [webpack.Progress] 87% record modules RecordIdsPlugin
<s> [webpack.Progress] 87% record chunks
<s> [webpack.Progress] 87% record chunks RecordIdsPlugin
<s> [webpack.Progress] 88% hashing
<s> [webpack.Progress] 88% after hashing
<s> [webpack.Progress] 88% after hashing HotModuleReplacementPlugin
<s> [webpack.Progress] 89% record hash
<s> [webpack.Progress] 89% module assets processing
<s> [webpack.Progress] 90% chunk assets processing
<s> [webpack.Progress] 90% additional chunk assets processing
<s> [webpack.Progress] 90% additional chunk assets processing HotModuleReplacementPlugin
<s> [webpack.Progress] 91% recording
<s> [webpack.Progress] 91% recording HotModuleReplacementPlugin
<s> [webpack.Progress] 92% additional asset processing
<s> [webpack.Progress] 92% chunk asset optimization
<s> [webpack.Progress] 93% after chunk asset optimization
<s> [webpack.Progress] 93% asset optimization
<s> [webpack.Progress] 94% after asset optimization
<s> [webpack.Progress] 94% after seal
<s> [webpack.Progress] 95% emitting
<s> [webpack.Progress] 95% emitting HtmlWebpackPlugin
<s> [webpack.Progress] 95% emitting CopyPlugin
<s> [webpack.Progress] 98% after emitting
<s> [webpack.Progress] 98% after emitting CopyPlugin
 DONE  Compiled successfully in 4287ms7:50:07 PM

<s> [webpack.Progress] 100%


  App running at:
  - Local:   http://localhost:8080/
  - Network: http://192.168.0.2:8080/

  Note that the development build is not optimized.
  To create a production build, run npm run build.
